CREATE DATABASE  IF NOT EXISTS `medio_ambiente` /*!40100 DEFAULT CHARACTER SET utf8mb4 COLLATE utf8mb4_general_ci */;
USE `medio_ambiente`;
-- MySQL dump 10.13  Distrib 8.0.34, for Win64 (x86_64)
--
-- Host: 127.0.0.1    Database: medio_ambiente
-- ------------------------------------------------------
-- Server version	5.5.5-10.4.32-MariaDB

/*!40101 SET @OLD_CHARACTER_SET_CLIENT=@@CHARACTER_SET_CLIENT */;
/*!40101 SET @OLD_CHARACTER_SET_RESULTS=@@CHARACTER_SET_RESULTS */;
/*!40101 SET @OLD_COLLATION_CONNECTION=@@COLLATION_CONNECTION */;
/*!50503 SET NAMES utf8 */;
/*!40103 SET @OLD_TIME_ZONE=@@TIME_ZONE */;
/*!40103 SET TIME_ZONE='+00:00' */;
/*!40014 SET @OLD_UNIQUE_CHECKS=@@UNIQUE_CHECKS, UNIQUE_CHECKS=0 */;
/*!40014 SET @OLD_FOREIGN_KEY_CHECKS=@@FOREIGN_KEY_CHECKS, FOREIGN_KEY_CHECKS=0 */;
/*!40101 SET @OLD_SQL_MODE=@@SQL_MODE, SQL_MODE='NO_AUTO_VALUE_ON_ZERO' */;
/*!40111 SET @OLD_SQL_NOTES=@@SQL_NOTES, SQL_NOTES=0 */;

--
-- Table structure for table `cache`
--

DROP TABLE IF EXISTS `cache`;
/*!40101 SET @saved_cs_client     = @@character_set_client */;
/*!50503 SET character_set_client = utf8mb4 */;
CREATE TABLE `cache` (
  `key` varchar(255) NOT NULL,
  `value` mediumtext NOT NULL,
  `expiration` int(11) NOT NULL,
  PRIMARY KEY (`key`)
) ENGINE=InnoDB DEFAULT CHARSET=utf8mb4 COLLATE=utf8mb4_unicode_ci;
/*!40101 SET character_set_client = @saved_cs_client */;

--
-- Dumping data for table `cache`
--

LOCK TABLES `cache` WRITE;
/*!40000 ALTER TABLE `cache` DISABLE KEYS */;
/*!40000 ALTER TABLE `cache` ENABLE KEYS */;
UNLOCK TABLES;

--
-- Table structure for table `cache_locks`
--

DROP TABLE IF EXISTS `cache_locks`;
/*!40101 SET @saved_cs_client     = @@character_set_client */;
/*!50503 SET character_set_client = utf8mb4 */;
CREATE TABLE `cache_locks` (
  `key` varchar(255) NOT NULL,
  `owner` varchar(255) NOT NULL,
  `expiration` int(11) NOT NULL,
  PRIMARY KEY (`key`)
) ENGINE=InnoDB DEFAULT CHARSET=utf8mb4 COLLATE=utf8mb4_unicode_ci;
/*!40101 SET character_set_client = @saved_cs_client */;

--
-- Dumping data for table `cache_locks`
--

LOCK TABLES `cache_locks` WRITE;
/*!40000 ALTER TABLE `cache_locks` DISABLE KEYS */;
/*!40000 ALTER TABLE `cache_locks` ENABLE KEYS */;
UNLOCK TABLES;

--
-- Table structure for table `datos`
--

DROP TABLE IF EXISTS `datos`;
/*!40101 SET @saved_cs_client     = @@character_set_client */;
/*!50503 SET character_set_client = utf8mb4 */;
CREATE TABLE `datos` (
  `id` int(11) NOT NULL AUTO_INCREMENT,
  `id_estacion` int(11) DEFAULT NULL,
  `idema` varchar(16) DEFAULT NULL,
  `fecha` datetime DEFAULT NULL,
  `vv` float DEFAULT NULL,
  `ta` float DEFAULT NULL,
  `hr` float DEFAULT NULL,
  `prec` float DEFAULT NULL,
  PRIMARY KEY (`id`),
  KEY `id_estacion` (`id_estacion`),
  CONSTRAINT `datos_ibfk_1` FOREIGN KEY (`id_estacion`) REFERENCES `estacion_bd` (`id`)
) ENGINE=InnoDB AUTO_INCREMENT=642 DEFAULT CHARSET=utf8mb4 COLLATE=utf8mb4_general_ci;
/*!40101 SET character_set_client = @saved_cs_client */;

--
-- Dumping data for table `datos`
--

LOCK TABLES `datos` WRITE;
/*!40000 ALTER TABLE `datos` DISABLE KEYS */;
INSERT INTO `datos` VALUES (1,1,'B013X','2025-02-10 06:00:00',0,1.1,99,0),(2,1,'B013X','2025-02-10 07:00:00',0,1,99,0),(3,1,'B013X','2025-02-10 08:00:00',0,3.8,99,0),(4,1,'B013X','2025-02-10 09:00:00',1.5,9.6,88,0),(5,1,'B013X','2025-02-10 10:00:00',2.2,11.5,75,0),(6,1,'B013X','2025-02-10 11:00:00',1.8,12.4,70,0),(7,1,'B013X','2025-02-10 12:00:00',1.7,13,67,0),(8,1,'B013X','2025-02-10 13:00:00',1.3,13.5,67,0),(9,1,'B013X','2025-02-10 14:00:00',0.5,13.1,65,0),(10,1,'B013X','2025-02-10 15:00:00',0.6,11.3,83,0),(11,1,'B013X','2025-02-10 16:00:00',0.2,10.5,88,0),(12,1,'B013X','2025-02-10 17:00:00',0.9,10.5,82,0),(13,1,'B013X','2025-02-10 18:00:00',1.4,9.7,78,0),(14,2,'B051A','2025-02-10 06:00:00',1.6,8,92,0),(15,2,'B051A','2025-02-10 07:00:00',1.6,8.2,92,0),(16,2,'B051A','2025-02-10 08:00:00',1,8.6,92,0),(17,2,'B051A','2025-02-10 09:00:00',0.9,11.4,82,0),(18,2,'B051A','2025-02-10 10:00:00',0.3,14.5,71,0),(19,2,'B051A','2025-02-10 11:00:00',3.4,14.3,70,0),(20,2,'B051A','2025-02-10 12:00:00',2.4,14.5,69,0),(21,2,'B051A','2025-02-10 13:00:00',1.4,15,68,0),(22,2,'B051A','2025-02-10 14:00:00',2.3,14.6,69,0),(23,2,'B051A','2025-02-10 15:00:00',3.1,14.5,71,0),(24,2,'B051A','2025-02-10 16:00:00',3.2,14.2,72,0),(25,2,'B051A','2025-02-10 17:00:00',3,14.1,74,0),(26,2,'B051A','2025-02-10 18:00:00',1.2,13.9,76,0),(27,3,'B087X','2025-02-10 06:00:00',1.4,9.8,79,0),(28,3,'B087X','2025-02-10 07:00:00',1.7,9,82,0),(29,3,'B087X','2025-02-10 08:00:00',1.5,9.7,82,0),(30,3,'B087X','2025-02-10 09:00:00',1.7,11.3,80,0),(31,3,'B087X','2025-02-10 10:00:00',0.4,14.5,70,0),(32,3,'B087X','2025-02-10 11:00:00',1.5,14.4,65,0),(33,3,'B087X','2025-02-10 12:00:00',2.2,15.5,63,0),(34,3,'B087X','2025-02-10 13:00:00',2,15.4,64,0),(35,3,'B087X','2025-02-10 14:00:00',2.7,14.1,69,0),(36,3,'B087X','2025-02-10 15:00:00',2.8,14,72,0),(37,3,'B087X','2025-02-10 16:00:00',1.2,13.6,73,0),(38,3,'B087X','2025-02-10 17:00:00',0.9,13,74,0),(39,4,'B103B','2025-02-10 06:00:00',0.8,8,94,0),(40,4,'B103B','2025-02-10 07:00:00',0.5,7.3,95,0),(41,4,'B103B','2025-02-10 08:00:00',0.6,9.5,90,0),(42,4,'B103B','2025-02-10 09:00:00',0,11.2,85,0),(43,4,'B103B','2025-02-10 10:00:00',0.8,14.6,67,0),(44,4,'B103B','2025-02-10 11:00:00',1.1,15.3,66,0),(45,4,'B103B','2025-02-10 12:00:00',1.9,15.5,62,0),(46,4,'B103B','2025-02-10 13:00:00',2.1,15.2,63,0),(47,4,'B103B','2025-02-10 14:00:00',1.5,15.5,66,0),(48,4,'B103B','2025-02-10 15:00:00',0.9,15.1,67,0),(49,4,'B103B','2025-02-10 16:00:00',0.6,14.5,69,0),(50,4,'B103B','2025-02-10 17:00:00',1.1,13.1,66,0),(51,4,'B103B','2025-02-10 18:00:00',0,9.7,81,0),(52,5,'B158X','2025-02-10 06:00:00',0.6,5.7,95,0),(53,5,'B158X','2025-02-10 07:00:00',0.7,5.4,96,0),(54,5,'B158X','2025-02-10 08:00:00',0.7,8.1,97,0),(55,5,'B158X','2025-02-10 09:00:00',0.2,12.9,80,0),(56,5,'B158X','2025-02-10 10:00:00',2.3,14.6,65,0),(57,5,'B158X','2025-02-10 11:00:00',2.6,14.9,64,0),(58,5,'B158X','2025-02-10 12:00:00',2.7,15.2,62,0),(59,5,'B158X','2025-02-10 13:00:00',2,15.3,62,0),(60,5,'B158X','2025-02-10 14:00:00',1.4,16.5,59,0),(61,5,'B158X','2025-02-10 15:00:00',2.8,15.8,62,0),(62,5,'B158X','2025-02-10 16:00:00',2.9,14.9,56,0),(63,5,'B158X','2025-02-10 17:00:00',1.4,13.4,67,0),(64,6,'B228','2025-02-10 06:00:00',0,9.5,86,0),(65,6,'B228','2025-02-10 07:00:00',0,9.3,87,0),(66,6,'B228','2025-02-10 08:00:00',0,11.1,82,0),(67,6,'B228','2025-02-10 09:00:00',0.9,13.2,71,0),(68,6,'B228','2025-02-10 10:00:00',1.2,13.8,67,0),(69,6,'B228','2025-02-10 11:00:00',1.1,15,64,0),(70,6,'B228','2025-02-10 12:00:00',1.1,16,62,0),(71,6,'B228','2025-02-10 13:00:00',1.6,15.3,69,0),(72,6,'B228','2025-02-10 14:00:00',1.5,16.3,64,0),(73,6,'B228','2025-02-10 15:00:00',2.2,15.5,64,0),(74,6,'B228','2025-02-10 16:00:00',2.4,15,64,0),(75,6,'B228','2025-02-10 17:00:00',3.1,14.3,67,0),(76,6,'B228','2025-02-10 18:00:00',1.7,13.9,70,0),(77,1,'B013X','2025-02-10 22:00:00',2,8.4,85,0),(78,1,'B013X','2025-02-10 23:00:00',0.7,8.4,77,0),(79,1,'B013X','2025-02-11 00:00:00',1.9,9.2,85,0),(80,1,'B013X','2025-02-11 01:00:00',2.1,9.3,89,0),(81,1,'B013X','2025-02-11 02:00:00',1.5,9.3,82,0),(82,1,'B013X','2025-02-11 03:00:00',0.5,9.1,89,0),(83,1,'B013X','2025-02-11 04:00:00',0,7.1,92,0),(84,1,'B013X','2025-02-11 05:00:00',1,8.7,97,0),(85,1,'B013X','2025-02-11 06:00:00',1.6,8.2,85,0),(86,1,'B013X','2025-02-11 07:00:00',0.5,6.7,93,0),(87,1,'B013X','2025-02-11 08:00:00',0.5,8.1,96,0),(88,1,'B013X','2025-02-11 09:00:00',1.7,10.7,80,0),(89,1,'B013X','2025-02-11 10:00:00',1.6,12.4,77,0),(90,2,'B051A','2025-02-10 22:00:00',2.5,12,75,0),(91,2,'B051A','2025-02-10 23:00:00',0.5,10.9,78,0),(92,2,'B051A','2025-02-11 00:00:00',1.1,9.6,84,0),(93,2,'B051A','2025-02-11 01:00:00',0.9,9.1,87,0),(94,2,'B051A','2025-02-11 02:00:00',0.7,9,90,0),(95,2,'B051A','2025-02-11 03:00:00',0.7,8.8,91,0),(96,2,'B051A','2025-02-11 04:00:00',1.3,9.3,91,0),(97,2,'B051A','2025-02-11 05:00:00',1.1,8.9,92,0),(98,2,'B051A','2025-02-11 06:00:00',1.3,8.8,93,0),(99,2,'B051A','2025-02-11 07:00:00',1.5,8.5,93,0),(100,2,'B051A','2025-02-11 08:00:00',2.5,8.7,94,0),(101,2,'B051A','2025-02-11 09:00:00',1.2,11.5,87,0),(102,2,'B051A','2025-02-11 10:00:00',0.4,15.2,72,0),(103,3,'B087X','2025-02-10 22:00:00',1.8,10.2,80,0),(104,3,'B087X','2025-02-10 23:00:00',2,10.1,81,0),(105,3,'B087X','2025-02-11 00:00:00',1,10.5,82,0),(106,3,'B087X','2025-02-11 01:00:00',1.9,10.9,83,0),(107,3,'B087X','2025-02-11 02:00:00',1.3,11.3,84,0),(108,3,'B087X','2025-02-11 03:00:00',2.1,10.5,83,0),(109,3,'B087X','2025-02-11 04:00:00',1.7,10.2,84,0),(110,3,'B087X','2025-02-11 05:00:00',1.1,10.4,84,0),(111,3,'B087X','2025-02-11 06:00:00',1.9,9.9,85,0),(112,3,'B087X','2025-02-11 07:00:00',1.2,10.1,84,0),(113,3,'B087X','2025-02-11 08:00:00',1.8,11.3,82,0),(114,3,'B087X','2025-02-11 09:00:00',0.7,12.7,77,0),(115,4,'B103B','2025-02-10 22:00:00',0,8.9,91,0),(116,4,'B103B','2025-02-10 23:00:00',0,8.3,93,0),(117,4,'B103B','2025-02-11 00:00:00',0,7.9,94,0),(118,4,'B103B','2025-02-11 01:00:00',0,7.7,96,0),(119,4,'B103B','2025-02-11 02:00:00',0,8,97,0),(120,4,'B103B','2025-02-11 03:00:00',0,8.7,98,0),(121,4,'B103B','2025-02-11 04:00:00',0,8.6,98,0),(122,4,'B103B','2025-02-11 05:00:00',0.7,8.9,98,0),(123,4,'B103B','2025-02-11 06:00:00',0.8,9,98,0),(124,4,'B103B','2025-02-11 07:00:00',1,8.6,98,0),(125,4,'B103B','2025-02-11 08:00:00',0.5,9.3,97,0),(126,4,'B103B','2025-02-11 09:00:00',0.6,12.2,94,0),(127,4,'B103B','2025-02-11 10:00:00',0.8,15.9,71,0),(128,5,'B158X','2025-02-10 22:00:00',0.7,8,91,0),(129,5,'B158X','2025-02-10 23:00:00',0.3,8.1,93,0),(130,5,'B158X','2025-02-11 00:00:00',0.2,7.4,94,0),(131,5,'B158X','2025-02-11 01:00:00',0.3,7.1,96,0),(132,5,'B158X','2025-02-11 02:00:00',0,7.6,96,0),(133,5,'B158X','2025-02-11 03:00:00',0.1,8,97,0),(134,5,'B158X','2025-02-11 04:00:00',0.3,8.4,97,0),(135,5,'B158X','2025-02-11 05:00:00',0.5,7.7,96,0),(136,5,'B158X','2025-02-11 06:00:00',0.5,7.3,98,0),(137,5,'B158X','2025-02-11 07:00:00',0.8,7.3,99,0),(138,5,'B158X','2025-02-11 08:00:00',0.4,9.8,99,0),(139,5,'B158X','2025-02-11 09:00:00',0.9,14.6,77,0),(140,6,'B228','2025-02-10 22:00:00',2.2,11.7,77,0),(141,6,'B228','2025-02-10 23:00:00',1.6,12,77,0),(142,6,'B228','2025-02-11 00:00:00',1.3,12.1,78,0),(143,6,'B228','2025-02-11 01:00:00',1.7,12,79,0),(144,6,'B228','2025-02-11 02:00:00',1.5,12.2,81,0),(145,6,'B228','2025-02-11 03:00:00',1.4,12.5,81,0),(146,6,'B228','2025-02-11 04:00:00',0.5,12.2,83,0),(147,6,'B228','2025-02-11 05:00:00',0.5,12,85,0),(148,6,'B228','2025-02-11 06:00:00',1.4,12.1,85,0),(149,6,'B228','2025-02-11 07:00:00',0,11.2,88,0),(150,6,'B228','2025-02-11 08:00:00',0.6,12.4,84,0),(151,6,'B228','2025-02-11 09:00:00',1.1,14.8,70,0),(152,6,'B228','2025-02-11 10:00:00',1.1,15.5,73,0),(153,1,'B013X','2025-02-06 21:00:00',0,1.1,99,0),(154,1,'B013X','2025-02-06 22:00:00',0,0.5,99,0),(155,1,'B013X','2025-02-06 23:00:00',0,1.2,99,0),(156,1,'B013X','2025-02-07 00:00:00',0,1.2,99,0),(157,1,'B013X','2025-02-07 01:00:00',0,0.6,99,0),(158,1,'B013X','2025-02-07 02:00:00',0,0,99,0),(159,1,'B013X','2025-02-07 03:00:00',0,-0.3,99,0),(160,1,'B013X','2025-02-07 04:00:00',0,-0.3,99,0),(161,1,'B013X','2025-02-07 05:00:00',0,-0.5,99,0),(162,1,'B013X','2025-02-07 06:00:00',0,-0.1,99,0),(163,1,'B013X','2025-02-07 07:00:00',0.7,0.5,99,0),(164,1,'B013X','2025-02-07 08:00:00',0.3,3.6,99,0),(165,1,'B013X','2025-02-07 09:00:00',0.1,9.4,72,0),(166,1,'B013X','2025-01-01 01:00:00',0,0,0,0),(167,1,'B228','2025-01-01 01:00:00',0,0,0,0),(168,1,'pepito','2026-02-10 06:00:00',0,0,0,0),(169,1,'B013X','2026-02-10 06:00:00',0,0,0,0),(170,1,'B013X','2025-02-13 02:00:00',0,8.6,99,0),(171,1,'B013X','2025-02-13 03:00:00',0,7.3,99,0),(172,1,'B013X','2025-02-13 04:00:00',0,7.7,99,0),(173,1,'B013X','2025-02-13 05:00:00',0,7.5,99,0),(174,1,'B013X','2025-02-13 06:00:00',0.1,7.6,99,1.2),(175,1,'B013X','2025-02-13 07:00:00',0.2,9.4,99,6.6),(176,1,'B013X','2025-02-13 08:00:00',0.5,9.5,99,0.8),(177,1,'B013X','2025-02-13 09:00:00',0.8,9.7,99,1.8),(178,1,'B013X','2025-02-13 10:00:00',2.1,9.5,99,0.7),(179,1,'B013X','2025-02-13 11:00:00',0.3,9.6,99,0),(180,1,'B013X','2025-02-13 12:00:00',0.8,9.9,99,0.2),(181,1,'B013X','2025-02-13 13:00:00',0.6,10.2,99,0.1),(182,1,'B013X','2025-02-13 14:00:00',0.4,9.6,99,0.8),(183,2,'B051A','2025-02-13 02:00:00',1.5,12.3,88,0),(184,2,'B051A','2025-02-13 03:00:00',0.4,12.1,91,0),(185,2,'B051A','2025-02-13 04:00:00',2.2,12.4,90,0),(186,2,'B051A','2025-02-13 05:00:00',2.2,12.1,90,0),(187,2,'B051A','2025-02-13 06:00:00',2.2,12,90,1.2),(188,2,'B051A','2025-02-13 07:00:00',2.4,13.2,92,2),(189,2,'B051A','2025-02-13 08:00:00',3.7,13.4,90,0.2),(190,2,'B051A','2025-02-13 09:00:00',5.6,13.6,86,0.4),(191,2,'B051A','2025-02-13 10:00:00',3.3,13.7,85,0),(192,2,'B051A','2025-02-13 11:00:00',4.6,13.9,84,0),(193,2,'B051A','2025-02-13 12:00:00',4.3,14,84,0),(194,2,'B051A','2025-02-13 13:00:00',4.6,14,84,0),(195,2,'B051A','2025-02-13 14:00:00',4.4,13.9,83,0),(196,3,'B087X','2025-02-13 02:00:00',2.3,13.3,90,0.4),(197,3,'B087X','2025-02-13 03:00:00',1.2,12.8,90,0),(198,3,'B087X','2025-02-13 04:00:00',1.5,13,88,0),(199,3,'B087X','2025-02-13 05:00:00',1.8,13.1,87,0),(200,3,'B087X','2025-02-13 06:00:00',1.1,12.7,87,0),(201,3,'B087X','2025-02-13 07:00:00',6.5,13.4,89,0.4),(202,3,'B087X','2025-02-13 08:00:00',4.7,13.1,89,0),(203,3,'B087X','2025-02-13 09:00:00',5.5,13.1,89,0.2),(204,3,'B087X','2025-02-13 10:00:00',5.2,13.3,86,0),(205,3,'B087X','2025-02-13 11:00:00',4.5,13.3,86,0),(206,3,'B087X','2025-02-13 12:00:00',4.5,13.5,84,0),(207,3,'B087X','2025-02-13 13:00:00',5.2,13.7,84,0),(208,4,'B103B','2025-02-13 02:00:00',1,13.2,90,0),(209,4,'B103B','2025-02-13 03:00:00',0,13.3,89,0),(210,4,'B103B','2025-02-13 04:00:00',0.5,13,87,0),(211,4,'B103B','2025-02-13 05:00:00',1,13.3,85,0),(212,4,'B103B','2025-02-13 06:00:00',0,12.8,86,0),(213,4,'B103B','2025-02-13 07:00:00',1.5,13,89,0),(214,4,'B103B','2025-02-13 08:00:00',0.7,13.3,87,0),(215,4,'B103B','2025-02-13 09:00:00',1.1,13,90,0.2),(216,4,'B103B','2025-02-13 10:00:00',1.2,13.7,82,0),(217,4,'B103B','2025-02-13 11:00:00',0.6,14,82,0),(218,4,'B103B','2025-02-13 12:00:00',0.9,14.4,79,0),(219,4,'B103B','2025-02-13 13:00:00',1.4,14.7,74,0),(220,4,'B103B','2025-02-13 14:00:00',0.7,14.4,77,0),(221,5,'B158X','2025-02-13 02:00:00',2.9,12.5,89,0),(222,5,'B158X','2025-02-13 03:00:00',1.9,12.6,88,0),(223,5,'B158X','2025-02-13 04:00:00',1.3,10.2,91,0),(224,5,'B158X','2025-02-13 05:00:00',0.1,9.1,95,0),(225,5,'B158X','2025-02-13 06:00:00',0.2,7.8,96,0),(226,5,'B158X','2025-02-13 07:00:00',0.4,9.2,98,0.2),(227,5,'B158X','2025-02-13 08:00:00',1.9,13.3,87,0),(228,5,'B158X','2025-02-13 09:00:00',2.1,13.2,86,0),(229,5,'B158X','2025-02-13 10:00:00',1.7,14.6,79,0),(230,5,'B158X','2025-02-13 11:00:00',3.2,15,72,0),(231,5,'B158X','2025-02-13 12:00:00',3.7,16.4,66,0),(232,5,'B158X','2025-02-13 13:00:00',4.5,16.3,66,0),(233,6,'B228','2025-02-13 02:00:00',0,11.3,90,0),(234,6,'B228','2025-02-13 03:00:00',0,11,90,0),(235,6,'B228','2025-02-13 04:00:00',0,11.3,90,0),(236,6,'B228','2025-02-13 05:00:00',1.2,11.4,89,0),(237,6,'B228','2025-02-13 06:00:00',0.2,11.7,91,0),(238,6,'B228','2025-02-13 07:00:00',0,11.3,93,0),(239,6,'B228','2025-02-13 08:00:00',0,12.9,90,0.3),(240,6,'B228','2025-02-13 09:00:00',0,13.4,88,0.1),(241,6,'B228','2025-02-13 10:00:00',0,14,88,0),(242,6,'B228','2025-02-13 11:00:00',0,14.9,85,0),(243,6,'B228','2025-02-13 12:00:00',3.4,16.7,62,0),(244,6,'B228','2025-02-13 13:00:00',4.5,16.9,61,0),(245,6,'B228','2025-02-13 14:00:00',4.9,16.4,67,0),(246,15,'B362X','2025-02-13 03:00:00',0,5.5,100,0),(247,15,'B362X','2025-02-13 04:00:00',0.6,5.7,100,0),(248,15,'B362X','2025-02-13 05:00:00',0.4,7.1,100,0),(249,15,'B362X','2025-02-13 06:00:00',0.6,6.3,100,0),(250,15,'B362X','2025-02-13 07:00:00',0.4,4.6,100,0),(251,15,'B362X','2025-02-13 08:00:00',1,9.8,100,0),(252,15,'B362X','2025-02-13 09:00:00',1,11.8,100,0),(253,15,'B362X','2025-02-13 10:00:00',2.8,14.5,98,0),(254,15,'B362X','2025-02-13 11:00:00',3.4,16.1,82,0),(255,15,'B362X','2025-02-13 12:00:00',3.8,17,75,0),(256,15,'B362X','2025-02-13 13:00:00',3.2,17.2,73,0),(257,15,'B362X','2025-02-13 14:00:00',2.9,16,82,0),(258,1,'B013X','2025-02-14 03:00:00',0,3.2,99,0),(259,1,'B013X','2025-02-14 04:00:00',0,2.8,99,0),(260,1,'B013X','2025-02-14 05:00:00',0,2.6,99,0),(261,1,'B013X','2025-02-14 06:00:00',0.1,2.8,99,0),(262,1,'B013X','2025-02-14 07:00:00',0,5,99,0),(263,1,'B013X','2025-02-14 08:00:00',0,7.3,99,0),(264,1,'B013X','2025-02-14 09:00:00',0.3,9.7,99,0),(265,1,'B013X','2025-02-14 10:00:00',0.8,11.3,80,0),(266,1,'B013X','2025-02-14 11:00:00',0.8,14.6,61,0),(267,1,'B013X','2025-02-14 12:00:00',1.1,15,59,0),(268,1,'B013X','2025-02-14 13:00:00',0.6,15,65,0),(269,1,'B013X','2025-02-14 14:00:00',0.6,15.2,67,0),(270,2,'B051A','2025-02-14 03:00:00',3.2,10.1,89,0),(271,2,'B051A','2025-02-14 04:00:00',2.7,9.3,91,0),(272,2,'B051A','2025-02-14 05:00:00',2.8,9.2,90,0),(273,2,'B051A','2025-02-14 06:00:00',2.8,9.8,90,0),(274,2,'B051A','2025-02-14 07:00:00',3.5,10.6,87,0),(275,2,'B051A','2025-02-14 08:00:00',1.4,11.2,88,0),(276,2,'B051A','2025-02-14 09:00:00',0.8,11.7,88,0),(277,2,'B051A','2025-02-14 10:00:00',1.2,15.1,80,0),(278,2,'B051A','2025-02-14 11:00:00',3.8,15.5,78,0),(279,2,'B051A','2025-02-14 12:00:00',4.4,15.9,76,0),(280,2,'B051A','2025-02-14 13:00:00',3.7,16.2,76,0),(281,2,'B051A','2025-02-14 14:00:00',2.8,16.4,78,0),(282,3,'B087X','2025-02-14 03:00:00',2.7,12.8,66,0),(283,3,'B087X','2025-02-14 04:00:00',2.7,13,70,0),(284,3,'B087X','2025-02-14 05:00:00',2.5,13.4,73,0),(285,3,'B087X','2025-02-14 06:00:00',3,14.4,67,0),(286,3,'B087X','2025-02-14 07:00:00',1.3,11.8,74,0),(287,3,'B087X','2025-02-14 08:00:00',0.9,13.1,70,0),(288,3,'B087X','2025-02-14 09:00:00',3.3,14.8,73,0),(289,3,'B087X','2025-02-14 10:00:00',4.4,15.2,75,0),(290,3,'B087X','2025-02-14 11:00:00',4.4,15.7,75,0),(291,3,'B087X','2025-02-14 12:00:00',3.5,15.9,77,0),(292,3,'B087X','2025-02-14 13:00:00',3.7,15.3,79,0),(293,4,'B103B','2025-02-14 03:00:00',0,7.4,99,0),(294,4,'B103B','2025-02-14 04:00:00',0,7.6,99,0),(295,4,'B103B','2025-02-14 05:00:00',0,7.5,98,0),(296,4,'B103B','2025-02-14 06:00:00',0,7.7,99,0),(297,4,'B103B','2025-02-14 07:00:00',0,7.8,99,0),(298,4,'B103B','2025-02-14 08:00:00',0,9.1,100,0),(299,4,'B103B','2025-02-14 09:00:00',0,13,99,0),(300,4,'B103B','2025-02-14 10:00:00',0.8,14.3,92,0),(301,4,'B103B','2025-02-14 11:00:00',1.3,15.9,74,0),(302,4,'B103B','2025-02-14 12:00:00',0.8,17.2,71,0),(303,4,'B103B','2025-02-14 13:00:00',1.1,17.3,73,0),(304,4,'B103B','2025-02-14 14:00:00',1.4,16.6,73,0),(305,5,'B158X','2025-02-14 03:00:00',1.1,6,98,0),(306,5,'B158X','2025-02-14 04:00:00',0.6,6.3,98,0),(307,5,'B158X','2025-02-14 05:00:00',0.9,6.4,99,0),(308,5,'B158X','2025-02-14 06:00:00',1.1,6.7,97,0),(309,5,'B158X','2025-02-14 07:00:00',1.3,6.9,99,0),(310,5,'B158X','2025-02-14 08:00:00',0.3,9.5,98,0),(311,5,'B158X','2025-02-14 09:00:00',0.7,15,81,0),(312,5,'B158X','2025-02-14 10:00:00',3,15.5,77,0),(313,5,'B158X','2025-02-14 11:00:00',3.7,17.1,65,0),(314,5,'B158X','2025-02-14 12:00:00',3.4,17.4,68,0),(315,5,'B158X','2025-02-14 13:00:00',4.1,17.5,66,0),(316,6,'B228','2025-02-14 03:00:00',0,9.4,93,0),(317,6,'B228','2025-02-14 04:00:00',0,9.4,94,0),(318,6,'B228','2025-02-14 05:00:00',0,9.2,94,0),(319,6,'B228','2025-02-14 06:00:00',0,9.2,94,0),(320,6,'B228','2025-02-14 07:00:00',0,9.6,94,0),(321,6,'B228','2025-02-14 08:00:00',0,10.9,84,0),(322,6,'B228','2025-02-14 09:00:00',1.4,12.9,80,0),(323,6,'B228','2025-02-14 10:00:00',0.9,14.8,78,0),(324,6,'B228','2025-02-14 11:00:00',0.6,15.3,82,0),(325,6,'B228','2025-02-14 12:00:00',2.5,17.9,69,0),(326,6,'B228','2025-02-14 13:00:00',3.4,18.3,68,0),(327,6,'B228','2025-02-14 14:00:00',3,18.3,64,0),(328,15,'B362X','2025-02-14 03:00:00',1,3.8,100,0),(329,15,'B362X','2025-02-14 04:00:00',1,3.3,100,0),(330,15,'B362X','2025-02-14 05:00:00',1.1,3.7,100,0),(331,15,'B362X','2025-02-14 06:00:00',0.8,3.5,100,0),(332,15,'B362X','2025-02-14 07:00:00',0.9,3.8,100,0),(333,15,'B362X','2025-02-14 08:00:00',0.1,9.1,100,0),(334,15,'B362X','2025-02-14 09:00:00',0.1,11.8,100,0),(335,15,'B362X','2025-02-14 10:00:00',3.4,15.8,87,0),(336,15,'B362X','2025-02-14 11:00:00',3.5,16.4,79,0),(337,15,'B362X','2025-02-14 12:00:00',2.9,17.6,70,0),(338,15,'B362X','2025-02-14 13:00:00',3.2,18.1,72,0),(339,15,'B362X','2025-02-14 14:00:00',3.9,17.7,73,0),(340,1,'B013X','2025-02-14 15:00:00',0.7,15.2,64,0),(341,1,'B013X','2025-02-14 16:00:00',0.2,12.3,80,0),(342,1,'B013X','2025-02-14 17:00:00',0,10.3,89,0),(343,1,'B013X','2025-02-14 18:00:00',0.2,9,94,0),(344,1,'B013X','2025-02-14 19:00:00',0,8.2,95,0),(345,2,'B051A','2025-02-14 15:00:00',4.5,16,79,0),(346,2,'B051A','2025-02-14 16:00:00',1.8,16.6,78,0),(347,2,'B051A','2025-02-14 17:00:00',0.8,15.2,83,0),(348,2,'B051A','2025-02-14 18:00:00',1.7,13.7,87,0),(349,2,'B051A','2025-02-14 19:00:00',1.6,12.5,88,0),(350,3,'B087X','2025-02-14 14:00:00',2.7,15.4,80,0),(351,3,'B087X','2025-02-14 15:00:00',1.9,15.4,80,0),(352,3,'B087X','2025-02-14 16:00:00',2.6,15,81,0),(353,3,'B087X','2025-02-14 17:00:00',1.4,14.4,83,0),(354,3,'B087X','2025-02-14 18:00:00',1,12.6,83,0),(355,4,'B103B','2025-02-14 15:00:00',1.1,16.5,74,0),(356,4,'B103B','2025-02-14 16:00:00',0.8,15.8,78,0),(357,4,'B103B','2025-02-14 17:00:00',0,13.9,84,0),(358,4,'B103B','2025-02-14 18:00:00',0,11.1,91,0),(359,4,'B103B','2025-02-14 19:00:00',0,9.9,95,0),(360,5,'B158X','2025-02-14 14:00:00',3.8,17.6,68,0),(361,5,'B158X','2025-02-14 15:00:00',2.8,17.9,68,0),(362,5,'B158X','2025-02-14 16:00:00',3.8,16.3,72,0),(363,5,'B158X','2025-02-14 17:00:00',2,15.6,69,0),(364,5,'B158X','2025-02-14 18:00:00',0.6,12.7,84,0),(365,6,'B228','2025-02-14 15:00:00',3.2,17.3,67,0),(366,6,'B228','2025-02-14 16:00:00',2.7,16.8,70,0),(367,6,'B228','2025-02-14 17:00:00',2.5,15.9,75,0),(368,6,'B228','2025-02-14 18:00:00',2.3,15.1,78,0),(369,6,'B228','2025-02-14 19:00:00',1.8,14.4,78,0),(370,15,'B362X','2025-02-14 15:00:00',3.5,17.4,73,0),(371,15,'B362X','2025-02-14 16:00:00',3.7,16.3,79,0),(372,15,'B362X','2025-02-14 17:00:00',2.4,NULL,NULL,0),(373,15,'B362X','2025-02-14 18:00:00',1.2,12.7,94,0),(374,15,'B362X','2025-02-14 19:00:00',0.9,10.9,97,0),(375,1,'B013X','2025-02-15 11:00:00',1.6,12.2,77,0),(376,1,'B013X','2025-02-15 12:00:00',1.7,13.5,72,0),(377,1,'B013X','2025-02-15 13:00:00',1.5,13.2,74,0),(378,1,'B013X','2025-02-15 14:00:00',1.1,12.9,79,0),(379,1,'B013X','2025-02-15 15:00:00',1.5,12.2,78,0),(380,1,'B013X','2025-02-15 16:00:00',1.5,11.8,79,0),(381,1,'B013X','2025-02-15 17:00:00',1.6,10.9,82,0),(382,1,'B013X','2025-02-15 18:00:00',1.2,9.9,82,0),(383,1,'B013X','2025-02-15 19:00:00',0.4,9.6,86,0),(384,1,'B013X','2025-02-15 20:00:00',0.7,8.8,85,0),(385,1,'B013X','2025-02-15 21:00:00',0.1,7.5,92,0),(386,1,'B013X','2025-02-15 22:00:00',0,5.6,96,0),(387,2,'B051A','2025-02-15 11:00:00',1.1,16.2,71,0),(388,2,'B051A','2025-02-15 12:00:00',1.9,16.3,69,0),(389,2,'B051A','2025-02-15 13:00:00',2.5,16.1,69,0),(390,2,'B051A','2025-02-15 14:00:00',2.2,16.1,68,0),(391,2,'B051A','2025-02-15 15:00:00',1.5,16.3,69,0),(392,2,'B051A','2025-02-15 16:00:00',1.6,15.8,69,0),(393,2,'B051A','2025-02-15 17:00:00',0.5,15.3,72,0),(394,2,'B051A','2025-02-15 18:00:00',1.2,13.7,78,0),(395,2,'B051A','2025-02-15 19:00:00',0.6,12.3,84,0),(396,2,'B051A','2025-02-15 20:00:00',1.4,12.4,83,0),(397,2,'B051A','2025-02-15 21:00:00',2.2,12.4,83,0),(398,2,'B051A','2025-02-15 22:00:00',1.2,11.9,82,0),(399,3,'B087X','2025-02-15 11:00:00',1.1,15.4,68,0),(400,3,'B087X','2025-02-15 12:00:00',2.4,16.2,67,0),(401,3,'B087X','2025-02-15 13:00:00',0.9,15.6,71,0),(402,3,'B087X','2025-02-15 14:00:00',1.6,15.3,75,0),(403,3,'B087X','2025-02-15 15:00:00',1.3,14.9,75,0),(404,3,'B087X','2025-02-15 16:00:00',1.2,15.4,74,0),(405,3,'B087X','2025-02-15 17:00:00',0.6,14.4,76,0),(406,3,'B087X','2025-02-15 18:00:00',1.4,11.8,83,0),(407,3,'B087X','2025-02-15 19:00:00',0.9,11.5,84,0),(408,3,'B087X','2025-02-15 20:00:00',1.4,11.4,80,0),(409,3,'B087X','2025-02-15 21:00:00',1.5,11.8,77,0),(410,4,'B103B','2025-02-15 11:00:00',1.1,16.2,65,0),(411,4,'B103B','2025-02-15 12:00:00',1.1,16.7,61,0),(412,4,'B103B','2025-02-15 13:00:00',1.1,16.5,63,0),(413,4,'B103B','2025-02-15 14:00:00',1.4,16,64,0),(414,4,'B103B','2025-02-15 15:00:00',1.6,15.8,67,0),(415,4,'B103B','2025-02-15 16:00:00',1.4,15.1,68,0),(416,4,'B103B','2025-02-15 17:00:00',1,13.9,73,0),(417,4,'B103B','2025-02-15 18:00:00',0,12,81,0),(418,4,'B103B','2025-02-15 19:00:00',0,10.3,86,0),(419,4,'B103B','2025-02-15 20:00:00',0,9.8,86,0),(420,4,'B103B','2025-02-15 21:00:00',0.5,10.1,86,0),(421,4,'B103B','2025-02-15 22:00:00',0,10.1,87,0),(422,5,'B158X','2025-02-15 11:00:00',2.4,16.5,60,0),(423,5,'B158X','2025-02-15 12:00:00',3.1,16.4,61,0),(424,5,'B158X','2025-02-15 13:00:00',3.4,16,62,0),(425,5,'B158X','2025-02-15 14:00:00',2.7,16.2,62,0),(426,5,'B158X','2025-02-15 15:00:00',3,16.3,59,0),(427,5,'B158X','2025-02-15 16:00:00',2.8,15.6,65,0),(428,5,'B158X','2025-02-15 17:00:00',2.1,14.3,70,0),(429,5,'B158X','2025-02-15 18:00:00',0.5,11.6,79,0),(430,5,'B158X','2025-02-15 19:00:00',0.2,9.5,89,0),(431,5,'B158X','2025-02-15 20:00:00',0.6,8.9,89,0),(432,5,'B158X','2025-02-15 21:00:00',0.8,8.6,92,0),(433,6,'B228','2025-02-15 11:00:00',1.2,16.2,63,0),(434,6,'B228','2025-02-15 12:00:00',1,16.5,64,0),(435,6,'B228','2025-02-15 13:00:00',2.5,17,64,0),(436,6,'B228','2025-02-15 14:00:00',3.1,16.3,69,0),(437,6,'B228','2025-02-15 15:00:00',2.6,15.7,71,0),(438,6,'B228','2025-02-15 16:00:00',2.4,15.5,71,0),(439,6,'B228','2025-02-15 17:00:00',2.4,14.9,71,0),(440,6,'B228','2025-02-15 18:00:00',1.7,14.5,72,0),(441,6,'B228','2025-02-15 19:00:00',1,14,71,0),(442,6,'B228','2025-02-15 20:00:00',0.5,12.6,77,0),(443,6,'B228','2025-02-15 21:00:00',0.2,12.3,78,0),(444,6,'B228','2025-02-15 22:00:00',1.3,12.4,75,0),(445,15,'B362X','2025-02-15 11:00:00',3.4,15.4,71,0),(446,15,'B362X','2025-02-15 12:00:00',3.4,15.5,69,0),(447,15,'B362X','2025-02-15 13:00:00',2.7,15.9,66,0),(448,15,'B362X','2025-02-15 14:00:00',2.4,16,63,0),(449,15,'B362X','2025-02-15 15:00:00',2.2,15.9,64,0),(450,15,'B362X','2025-02-15 16:00:00',2.2,15.1,63,0),(451,15,'B362X','2025-02-15 17:00:00',1.4,13.4,70,0),(452,15,'B362X','2025-02-15 18:00:00',0.6,8.5,89,0),(453,15,'B362X','2025-02-15 19:00:00',0.6,6,94,0),(454,15,'B362X','2025-02-15 20:00:00',0.8,4.7,98,0),(455,15,'B362X','2025-02-15 21:00:00',0.8,4.2,100,0),(456,15,'B362X','2025-02-15 22:00:00',0.6,3.2,100,0),(457,1,'B013X','2025-02-15 23:00:00',0,5.1,99,0),(458,2,'B051A','2025-02-15 23:00:00',3.3,11.9,83,0),(459,3,'B087X','2025-02-15 22:00:00',2.4,11.8,77,0),(460,4,'B103B','2025-02-15 23:00:00',0.6,10.1,89,0),(461,5,'B158X','2025-02-15 22:00:00',0.5,8.1,92,0),(462,6,'B228','2025-02-15 23:00:00',1.3,12.4,73,0),(463,15,'B362X','2025-02-15 23:00:00',0.5,3.6,100,0),(464,1,'B013X','2025-02-17 02:00:00',0,2.5,99,0),(465,1,'B013X','2025-02-17 03:00:00',0,2.3,99,0),(466,1,'B013X','2025-02-17 04:00:00',0,2.1,99,0),(467,1,'B013X','2025-02-17 05:00:00',0,2.3,99,0),(468,1,'B013X','2025-02-17 06:00:00',0,2.7,99,0),(469,1,'B013X','2025-02-17 07:00:00',0,3.2,99,0),(470,1,'B013X','2025-02-17 08:00:00',0,5,99,0),(471,1,'B013X','2025-02-17 09:00:00',0,10.3,99,0),(472,1,'B013X','2025-02-17 10:00:00',0.6,15.9,46,0),(473,1,'B013X','2025-02-17 11:00:00',0.6,18.5,49,0),(474,1,'B013X','2025-02-17 12:00:00',1.1,17.7,45,0),(475,1,'B013X','2025-02-17 13:00:00',1.1,18.2,50,0),(476,1,'B013X','2025-02-17 14:00:00',1.3,17.5,46,0),(477,2,'B051A','2025-02-17 02:00:00',2.3,9,89,0),(478,2,'B051A','2025-02-17 03:00:00',2,8.5,91,0),(479,2,'B051A','2025-02-17 04:00:00',3.6,9,89,0),(480,2,'B051A','2025-02-17 05:00:00',2.2,9.2,90,0),(481,2,'B051A','2025-02-17 06:00:00',3.5,8.8,91,0),(482,2,'B051A','2025-02-17 07:00:00',2.6,9.5,85,0),(483,2,'B051A','2025-02-17 08:00:00',2.3,9.9,85,0),(484,2,'B051A','2025-02-17 09:00:00',1.8,12.7,78,0),(485,2,'B051A','2025-02-17 10:00:00',2.4,15.1,70,0),(486,2,'B051A','2025-02-17 11:00:00',2.2,16,74,0),(487,2,'B051A','2025-02-17 12:00:00',1.9,16.1,77,0),(488,2,'B051A','2025-02-17 13:00:00',4.6,15.4,82,0),(489,2,'B051A','2025-02-17 14:00:00',3.2,15.5,83,0),(490,3,'B087X','2025-02-17 02:00:00',2.4,9.8,82,0),(491,3,'B087X','2025-02-17 03:00:00',2.2,10.7,78,0),(492,3,'B087X','2025-02-17 04:00:00',1.4,11.9,73,0),(493,3,'B087X','2025-02-17 05:00:00',2.8,11.5,70,0),(494,3,'B087X','2025-02-17 06:00:00',2.4,12.2,67,0),(495,3,'B087X','2025-02-17 07:00:00',2.6,11.7,65,0),(496,3,'B087X','2025-02-17 08:00:00',2.5,12.5,64,0),(497,3,'B087X','2025-02-17 09:00:00',0.6,15.2,59,0),(498,3,'B087X','2025-02-17 10:00:00',0.9,16,68,0),(499,3,'B087X','2025-02-17 11:00:00',3.5,15.3,71,0),(500,3,'B087X','2025-02-17 12:00:00',2,15.9,78,0),(501,3,'B087X','2025-02-17 13:00:00',2.3,15.6,80,0),(502,4,'B103B','2025-02-17 02:00:00',0,9.2,98,0),(503,4,'B103B','2025-02-17 03:00:00',0,8.4,98,0),(504,4,'B103B','2025-02-17 04:00:00',0,7.7,99,0),(505,4,'B103B','2025-02-17 05:00:00',0.9,9.6,99,0),(506,4,'B103B','2025-02-17 06:00:00',0,9.8,96,0),(507,4,'B103B','2025-02-17 07:00:00',0,8.9,96,0),(508,4,'B103B','2025-02-17 08:00:00',0,10,97,0),(509,4,'B103B','2025-02-17 09:00:00',0.6,13.7,90,0),(510,4,'B103B','2025-02-17 10:00:00',0.7,16.8,62,0),(511,4,'B103B','2025-02-17 11:00:00',0,18.5,58,0),(512,4,'B103B','2025-02-17 12:00:00',0.8,17.6,71,0),(513,4,'B103B','2025-02-17 13:00:00',0.8,17.3,72,0),(514,4,'B103B','2025-02-17 14:00:00',1.3,16.2,75,0),(515,5,'B158X','2025-02-17 02:00:00',0.6,8,98,0),(516,5,'B158X','2025-02-17 03:00:00',0.3,7.6,98,0),(517,5,'B158X','2025-02-17 04:00:00',0.5,6.7,99,0),(518,5,'B158X','2025-02-17 05:00:00',0.4,6.8,100,0),(519,5,'B158X','2025-02-17 06:00:00',0.8,7.4,99,0.2),(520,5,'B158X','2025-02-17 07:00:00',0.7,7.5,98,0),(521,5,'B158X','2025-02-17 08:00:00',0.7,8,99,0),(522,5,'B158X','2025-02-17 09:00:00',0.6,13.9,85,0),(523,5,'B158X','2025-02-17 10:00:00',1.2,16.5,64,0),(524,5,'B158X','2025-02-17 11:00:00',2.2,17.1,75,0),(525,5,'B158X','2025-02-17 12:00:00',3.9,16.8,75,0),(526,5,'B158X','2025-02-17 13:00:00',2.6,17.1,75,0),(527,6,'B228','2025-02-17 02:00:00',0,10.6,96,0),(528,6,'B228','2025-02-17 03:00:00',0,10.1,96,0),(529,6,'B228','2025-02-17 04:00:00',0,10.2,98,0),(530,6,'B228','2025-02-17 05:00:00',0,9.9,97,0),(531,6,'B228','2025-02-17 06:00:00',0,10.4,97,0),(532,6,'B228','2025-02-17 07:00:00',0,10.8,96,0),(533,6,'B228','2025-02-17 08:00:00',0,11.1,92,0),(534,6,'B228','2025-02-17 09:00:00',0,13.3,81,0),(535,6,'B228','2025-02-17 10:00:00',1.2,15.1,80,0),(536,6,'B228','2025-02-17 11:00:00',1.5,15.6,86,0),(537,6,'B228','2025-02-17 12:00:00',2.4,16.7,82,0),(538,6,'B228','2025-02-17 13:00:00',2.7,17,82,0),(539,6,'B228','2025-02-17 14:00:00',2.7,17.4,78,0),(540,15,'B362X','2025-02-17 02:00:00',0.7,7.3,100,0),(541,15,'B362X','2025-02-17 03:00:00',1.1,5.6,100,0),(542,15,'B362X','2025-02-17 04:00:00',1,5.3,100,0),(543,15,'B362X','2025-02-17 05:00:00',0.2,3.3,100,0),(544,15,'B362X','2025-02-17 06:00:00',1.1,4.5,100,0),(545,15,'B362X','2025-02-17 07:00:00',1.3,5.4,100,0),(546,15,'B362X','2025-02-17 08:00:00',0.1,9.7,100,0),(547,15,'B362X','2025-02-17 09:00:00',0.8,12.7,100,0),(548,15,'B362X','2025-02-17 10:00:00',1.8,14.4,100,0),(549,15,'B362X','2025-02-17 11:00:00',1,17.3,76,0),(550,15,'B362X','2025-02-17 12:00:00',2.3,18.6,62,0),(551,15,'B362X','2025-02-17 13:00:00',3.1,18.4,68,0),(552,15,'B362X','2025-02-17 14:00:00',2.8,17.5,78,0),(553,1,'B013X','2025-02-17 22:00:00',0.7,9.5,77,0),(554,1,'B013X','2025-02-17 23:00:00',0,7.6,84,0),(555,1,'B013X','2025-02-18 00:00:00',0,5.9,91,0),(556,1,'B013X','2025-02-18 01:00:00',0.3,4.8,95,0),(557,1,'B013X','2025-02-18 02:00:00',0,3.9,97,0),(558,1,'B013X','2025-02-18 03:00:00',0,3.1,98,0),(559,1,'B013X','2025-02-18 04:00:00',0,3,99,0),(560,1,'B013X','2025-02-18 05:00:00',0,2.4,99,0),(561,1,'B013X','2025-02-18 06:00:00',0,2,99,0),(562,1,'B013X','2025-02-18 07:00:00',0,3.8,99,0),(563,1,'B013X','2025-02-18 08:00:00',0.2,6.1,99,0),(564,1,'B013X','2025-02-18 09:00:00',1.7,12,78,0),(565,1,'B013X','2025-02-18 10:00:00',0.9,13.9,71,0),(566,2,'B051A','2025-02-17 22:00:00',1,10.7,94,0),(567,2,'B051A','2025-02-17 23:00:00',1.5,10.5,94,0),(568,2,'B051A','2025-02-18 00:00:00',1.1,9.8,94,0),(569,2,'B051A','2025-02-18 01:00:00',1.9,10,94,0),(570,2,'B051A','2025-02-18 02:00:00',2.3,10.2,92,0),(571,2,'B051A','2025-02-18 03:00:00',1.6,9.6,92,0),(572,2,'B051A','2025-02-18 04:00:00',2.1,9.3,94,0),(573,2,'B051A','2025-02-18 05:00:00',2.1,9.1,93,0),(574,2,'B051A','2025-02-18 06:00:00',2.3,8.9,94,0),(575,2,'B051A','2025-02-18 07:00:00',2.1,8.8,96,0),(576,2,'B051A','2025-02-18 08:00:00',0.9,9.6,94,0),(577,2,'B051A','2025-02-18 09:00:00',2,12.5,86,0),(578,2,'B051A','2025-02-18 10:00:00',1.7,15.2,77,0),(579,3,'B087X','2025-02-17 22:00:00',2.3,11.1,88,0),(580,3,'B087X','2025-02-17 23:00:00',2.9,10.8,89,0),(581,3,'B087X','2025-02-18 00:00:00',2.3,11,90,0),(582,3,'B087X','2025-02-18 01:00:00',2.8,10.5,88,0),(583,3,'B087X','2025-02-18 02:00:00',2,10.5,87,0),(584,3,'B087X','2025-02-18 03:00:00',2.7,9.8,87,0),(585,3,'B087X','2025-02-18 04:00:00',1.7,11.3,88,0),(586,3,'B087X','2025-02-18 05:00:00',2.6,11.3,89,0),(587,3,'B087X','2025-02-18 06:00:00',2.1,10.2,89,0),(588,3,'B087X','2025-02-18 07:00:00',1.9,10.8,90,0),(589,3,'B087X','2025-02-18 08:00:00',1.3,11.5,88,0),(590,3,'B087X','2025-02-18 09:00:00',0.9,12.8,85,0),(591,4,'B103B','2025-02-17 22:00:00',1.7,13,89,0),(592,4,'B103B','2025-02-17 23:00:00',1,11.9,90,0),(593,4,'B103B','2025-02-18 00:00:00',0.8,12.3,94,0),(594,4,'B103B','2025-02-18 01:00:00',0.7,12.7,88,0),(595,4,'B103B','2025-02-18 02:00:00',0,12.4,91,0),(596,4,'B103B','2025-02-18 03:00:00',0,11,93,0),(597,4,'B103B','2025-02-18 04:00:00',0,10.5,95,0),(598,4,'B103B','2025-02-18 05:00:00',0,11.2,97,0),(599,4,'B103B','2025-02-18 06:00:00',0.7,11.9,96,0),(600,4,'B103B','2025-02-18 07:00:00',0,12.3,91,0),(601,4,'B103B','2025-02-18 08:00:00',0,12.9,86,0),(602,4,'B103B','2025-02-18 09:00:00',0.8,14,79,0),(603,4,'B103B','2025-02-18 10:00:00',0.7,14.7,77,0),(604,5,'B158X','2025-02-17 22:00:00',0.9,11,94,0),(605,5,'B158X','2025-02-17 23:00:00',0.3,9,96,0),(606,5,'B158X','2025-02-18 00:00:00',0.2,9.6,97,0),(607,5,'B158X','2025-02-18 01:00:00',0.8,10.3,96,0),(608,5,'B158X','2025-02-18 02:00:00',0.6,11.1,94,0),(609,5,'B158X','2025-02-18 03:00:00',0.4,10.6,94,0),(610,5,'B158X','2025-02-18 04:00:00',0.2,9.9,95,0),(611,5,'B158X','2025-02-18 05:00:00',0.5,10.2,96,0),(612,5,'B158X','2025-02-18 06:00:00',0.7,10.4,95,0),(613,5,'B158X','2025-02-18 07:00:00',0.9,11.3,93,0),(614,5,'B158X','2025-02-18 08:00:00',1.2,12.9,86,0),(615,5,'B158X','2025-02-18 09:00:00',3.1,14,77,0),(616,6,'B228','2025-02-17 22:00:00',0,13.3,91,0),(617,6,'B228','2025-02-17 23:00:00',0,12.6,92,0),(618,6,'B228','2025-02-18 00:00:00',0,12.6,93,0),(619,6,'B228','2025-02-18 01:00:00',0,12.8,93,0),(620,6,'B228','2025-02-18 02:00:00',0,12.8,89,0),(621,6,'B228','2025-02-18 03:00:00',0,12.9,91,0),(622,6,'B228','2025-02-18 04:00:00',0,12.6,90,0),(623,6,'B228','2025-02-18 05:00:00',0,12.8,89,0),(624,6,'B228','2025-02-18 06:00:00',0,12,87,0),(625,6,'B228','2025-02-18 07:00:00',0.9,12.1,86,0),(626,6,'B228','2025-02-18 08:00:00',0,12.7,85,0),(627,6,'B228','2025-02-18 09:00:00',0,13.9,81,0),(628,6,'B228','2025-02-18 10:00:00',0.3,14.9,75,0),(629,15,'B362X','2025-02-17 22:00:00',0.8,8.2,100,0),(630,15,'B362X','2025-02-17 23:00:00',0.5,9.1,100,0),(631,15,'B362X','2025-02-18 00:00:00',0.2,8.5,100,0),(632,15,'B362X','2025-02-18 01:00:00',0,9,100,0),(633,15,'B362X','2025-02-18 02:00:00',0.5,9.3,100,0),(634,15,'B362X','2025-02-18 03:00:00',1,10.2,100,0),(635,15,'B362X','2025-02-18 04:00:00',0.7,11,100,0),(636,15,'B362X','2025-02-18 05:00:00',0.5,10.8,100,0),(637,15,'B362X','2025-02-18 06:00:00',0.2,9.7,100,0),(638,15,'B362X','2025-02-18 07:00:00',0.5,9.9,100,0),(639,15,'B362X','2025-02-18 08:00:00',0,11.5,100,0),(640,15,'B362X','2025-02-18 09:00:00',1.8,15,84,0),(641,15,'B362X','2025-02-18 10:00:00',2.6,15.5,79,0);
/*!40000 ALTER TABLE `datos` ENABLE KEYS */;
UNLOCK TABLES;

--
-- Table structure for table `estacion_bd`
--

DROP TABLE IF EXISTS `estacion_bd`;
/*!40101 SET @saved_cs_client     = @@character_set_client */;
/*!50503 SET character_set_client = utf8mb4 */;
CREATE TABLE `estacion_bd` (
  `id` int(11) NOT NULL,
  `estado` int(11) DEFAULT NULL,
  PRIMARY KEY (`id`)
) ENGINE=InnoDB DEFAULT CHARSET=utf8mb4 COLLATE=utf8mb4_general_ci;
/*!40101 SET character_set_client = @saved_cs_client */;

--
-- Dumping data for table `estacion_bd`
--

LOCK TABLES `estacion_bd` WRITE;
/*!40000 ALTER TABLE `estacion_bd` DISABLE KEYS */;
INSERT INTO `estacion_bd` VALUES (1,1),(2,1),(3,1),(4,1),(5,1),(6,1),(7,0),(8,0),(9,0),(10,0),(11,0),(12,0),(13,0),(14,0),(15,1);
/*!40000 ALTER TABLE `estacion_bd` ENABLE KEYS */;
UNLOCK TABLES;

--
-- Table structure for table `estacion_inv`
--

DROP TABLE IF EXISTS `estacion_inv`;
/*!40101 SET @saved_cs_client     = @@character_set_client */;
/*!50503 SET character_set_client = utf8mb4 */;
CREATE TABLE `estacion_inv` (
  `id` int(11) NOT NULL AUTO_INCREMENT,
  `nombre` varchar(64) DEFAULT NULL,
  `idema` varchar(8) DEFAULT NULL,
  `provincia` varchar(32) DEFAULT NULL,
  `latitud` float DEFAULT NULL,
  `longitud` float DEFAULT NULL,
  `altitud` int(11) DEFAULT NULL,
  PRIMARY KEY (`id`)
) ENGINE=InnoDB AUTO_INCREMENT=101 DEFAULT CHARSET=utf8mb4 COLLATE=utf8mb4_general_ci;
/*!40101 SET character_set_client = @saved_cs_client */;

--
-- Dumping data for table `estacion_inv`
--

LOCK TABLES `estacion_inv` WRITE;
/*!40000 ALTER TABLE `estacion_inv` DISABLE KEYS */;
INSERT INTO `estacion_inv` VALUES (1,'ESCORCA, LLUC','B013X','ILLES BALEARS',39.8233,2.88583,490),(2,'SÓLLER, PUERTO','B051A','ILLES BALEARS',39.7956,2.69139,5),(3,'BANYALBUFAR','B087X','ILLES BALEARS',39.6892,2.51278,60),(4,'ANDRATX - SANT ELM','B103B','ILLES BALEARS',39.5794,2.36889,52),(5,'CALVIÀ, ES CAPDELLÀ','B158X','ILLES BALEARS',39.5514,2.46639,50),(6,'PALMA, PUERTO','B228','ILLES BALEARS',39.5542,2.62528,3),(7,'PALMA DE MALLORCA, AEROPUERTO','B278','BALEARES',39.5608,2.73667,5),(8,'PALMA, UNIVERSITAT','B236C','ILLES BALEARS',39.6422,2.64389,95),(9,'LLUCMAJOR, CAP BLANC','B301','ILLES BALEARS',39.3797,2.785,113),(10,'SON BONET, AEROPUERTO','B275E','BALEARES',39.6058,2.70667,47),(11,'SIERRA DE ALFABIA, BUNYOLA','B248','ILLES BALEARS',39.735,2.71306,1030),(12,'PORRERES','B341X','ILLES BALEARS',39.5061,3.00556,149),(13,'LLUCMAJOR','B334X','ILLES BALEARS',39.4956,2.89167,140),(14,'PORRERES','B346X','ILLES BALEARS',39.5217,3.01917,120),(15,'CAMPOS, CAN SION','B362X','ILLES BALEARS',39.4058,3.06417,40),(16,'CAMPOS, SALINES LLEVANT','B373X','ILLES BALEARS',39.3511,3.01194,3),(17,'CABRERA, PARQUE NACIONAL DE CABRERA','B398A','ILLES BALEARS',39.1356,2.93667,165),(18,'SANTANYÍ','B410B','ILLES BALEARS',39.34,3.14583,45),(19,'ARTÀ','B526X','ILLES BALEARS',39.6886,3.35111,110),(20,'PORTOCOLOM  ','B434X','ILLES BALEARS',39.4144,3.27167,17),(21,'SON SERVERA','B496X','ILLES BALEARS',39.6303,3.38361,25),(22,'CAPDEPERA','B569X','ILLES BALEARS',39.7167,3.47806,57),(23,'ARTÀ-COLÒNIA DE SANT PERE','B603X','ILLES BALEARS',39.7231,3.27861,99),(24,'MURO, S\'ALBUFERA','B605X','ILLES BALEARS',39.7967,3.10472,2),(25,'MANACOR','B614E','ILLES BALEARS',39.5569,3.21778,100),(26,'SINEU','B644B','ILLES BALEARS',39.6433,3.00222,120),(27,'PETRA','B640X','ILLES BALEARS',39.6164,3.12111,95),(28,'ESCORCA, SON TORRELLA','B684A','ILLES BALEARS',39.7928,2.78778,842),(29,'BINISSALEM','B662X','ILLES BALEARS',39.6781,2.87389,105),(30,'SANTA MARÍA DEL CAMÍ','B656A','ILLES BALEARS',39.6525,2.80028,121),(31,'SA POBLA','B691Y','ILLES BALEARS',39.7492,3.01667,40),(32,'POLLENÇA','B760X','ILLES BALEARS',39.8769,3.02417,45),(33,'LA PUEBLA (SA CANOVA)','B691','BALEARES',39.7483,3.01528,40),(34,'LA MOLA, MAÓ','B800X','ILLES BALEARS',39.8761,4.32389,78),(35,'ES MERCADAL','B825B','ILLES BALEARS',39.9906,4.08639,80),(36,'PORT DE POLLENÇA','B780X','ILLES BALEARS',39.9094,3.10028,2),(37,'CIUTADELLA, CALA GALDANA','B870C','ILLES BALEARS',39.9447,3.95667,43),(38,'CIUTADELLA','B860X','ILLES BALEARS',39.9928,3.85389,20),(39,'MENORCA, AEROPUERTO','B893','BALEARES',39.8547,4.21556,91),(40,'SANT ANTONI DE PORTMANY','B925','ILLES BALEARS',38.9631,1.32139,32),(41,'SANT JOAN DE LABRITJA','B908X','ILLES BALEARS',39.0561,1.4925,110),(42,'IBIZA, AEROPUERTO','B954','ILLES BALEARS',38.8764,1.38444,6),(43,'FORMENTERA','B986','ILLES BALEARS',38.6936,1.46361,24),(44,'EIVISSA','B957','ILLES BALEARS',38.9228,1.44139,3),(45,'LANZAROTE AEROPUERTO','C029O','LAS PALMAS',28.9519,-13.6003,14),(46,'TÍAS','C018J','LAS PALMAS',28.9697,-13.6903,376),(47,'YAIZA PLAYA BLANCA','C019V','LAS PALMAS',28.8589,-13.835,6),(48,'HARÍA','C038N','LAS PALMAS',29.1436,-13.4892,277),(49,'ROQUE DE LOS MUCHACHOS','C101A','STA. CRUZ DE TENERIFE',28.7558,-17.8953,2223),(50,'TINAJO','C048W','LAS PALMAS',29.0425,-13.6808,275),(51,'PUNTAGORDA','C117A','STA. CRUZ DE TENERIFE',28.7606,-17.9856,684),(52,'TIJARAFE','C117Z','STA. CRUZ DE TENERIFE',28.6747,-17.9367,733),(53,'EL PASO','C126A','STA. CRUZ DE TENERIFE',28.6539,-17.8531,844),(54,'TAZACORTE','C129Z','STA. CRUZ DE TENERIFE',28.5958,-17.9153,62),(55,'FUENCALIENTE','C129V','STA. CRUZ DE TENERIFE',28.455,-17.8411,19),(56,'SAN ANDRÉS Y SAUCES','C148F','STA. CRUZ DE TENERIFE',28.8047,-17.7822,362),(57,'LA PALMA AEROPUERTO','C139E','SANTA CRUZ DE TENERIFE',28.6331,-17.755,33),(58,'PÁJARA','C229J','LAS PALMAS',28.0492,-14.3581,15),(59,'ANTIGUA','C248E','LAS PALMAS',28.4169,-14.0192,252),(60,'TUINEJE,PUERTO GRAN TARAJAL','C239N','LAS PALMAS',28.2086,-14.0231,1),(61,'LA OLIVA','C258K','LAS PALMAS',28.6125,-13.9317,217),(62,'FUERTEVENTURA AEROPUERTO','C249I','LAS PALMAS',28.4447,-13.8631,25),(63,'VALLEHERMOSO, ALTO IGUALERO  ','C314Z','STA. CRUZ DE TENERIFE',28.1069,-17.2492,1474),(64,'ARURE','C316I','STA. CRUZ DE TENERIFE',28.1283,-17.315,916),(65,'AGULO','C317B','STA. CRUZ DE TENERIFE',28.1789,-17.2131,765),(66,'VALLEHERMOSO, DAMA','C319W','STA. CRUZ DE TENERIFE',28.0542,-17.3064,190),(67,'HERMIGUA','C328W','STA. CRUZ DE TENERIFE',28.1636,-17.1942,252),(68,'LA GOMERA, AEROPUERTO','C329B','STA. CRUZ DE TENERIFE',28.0317,-17.2108,219),(69,'SAN SEBASTIÁN DE LA GOMERA','C329Z','STA. CRUZ DE TENERIFE',28.0897,-17.1114,15),(70,'CITFAGRO_89_CHAVAO','C412N','STA. CRUZ DE TENERIFE',28.2197,-16.7053,2071),(71,'LA OROTAVA, CAÑADAS TEIDE','C406G','STA. CRUZ DE TENERIFE',28.2242,-16.6261,2150),(72,'CITFAGRO_74_CHIO','C417J','STA. CRUZ DE TENERIFE',28.2333,-16.7892,735),(73,'CITFAGRO_64_HOYOS','C415A','STA. CRUZ DE TENERIFE',28.3053,-16.8056,990),(74,'CITFAGRO_05_GUIAISO1','C418I','STA. CRUZ DE TENERIFE',28.2144,-16.7897,476),(75,'CITFAGRO_76_POZO','C418L','STA. CRUZ DE TENERIFE',28.2003,-16.7631,700),(76,'LOMO DEL BALO','C419L','STA. CRUZ DE TENERIFE',28.2069,-16.7919,403),(77,'ADEJE','C419X','STA. CRUZ DE TENERIFE',28.0814,-16.7106,130),(78,'CITFAGRO_94_LOSTOPOS','C422A','STA. CRUZ DE TENERIFE',28.1719,-16.6514,1833),(79,'CITFAGRO_90_PICACHO','C423R','STA. CRUZ DE TENERIFE',28.2242,-16.5211,1654),(80,'CITFAGRO_13_VILAFLOR','C426E','STA. CRUZ DE TENERIFE',28.1442,-16.6281,1258),(81,'CITFAGRO_77_PINAL','C426I','STA. CRUZ DE TENERIFE',28.1269,-16.6058,880),(82,'CITFAGRO_09_HELECHO','C426R','STA. CRUZ DE TENERIFE',28.2169,-16.4906,930),(83,'ARICO','C428T','STA. CRUZ DE TENERIFE',28.1808,-16.4833,418),(84,'TENERIFE SUR AEROPUERTO','C429I','SANTA CRUZ DE TENERIFE',28.0469,-16.5611,64),(85,'CITFAGRO_01_ARICO','C428U','STA. CRUZ DE TENERIFE',28.1311,-16.4725,135),(86,'CITFAGRO_54_TOPONEGRO','C436I','STA. CRUZ DE TENERIFE',28.3264,-16.4056,290),(87,'IZAÑA','C430E','SANTA CRUZ DE TENERIFE',28.3083,-16.4997,2369),(88,'CITFAGRO_96_ARAYA','C436L','STA. CRUZ DE TENERIFE',28.3706,-16.3975,525),(89,'CITFAGRO_81_MENA','C437E','STA. CRUZ DE TENERIFE',28.2697,-16.4197,500),(90,'CANDELARIA','C438N','STA. CRUZ DE TENERIFE',28.3592,-16.4017,463),(91,'SAN CRISTÓBAL DE LA LAGUNA,LLANO DE LOS LOROS','C446G','STA. CRUZ DE TENERIFE',28.5264,-16.2803,868),(92,'GÜÍMAR','C439J','SANTA CRUZ DE TENERIFE',28.3183,-16.3822,115),(93,'CITFAGRO_92_SANTACRUZ','C448C','STA. CRUZ DE TENERIFE',28.4625,-16.2733,136),(94,'TENERIFE NORTE AEROPUERTO','C447A','SANTA CRUZ DE TENERIFE',28.4775,-16.3294,632),(95,'STA.CRUZ DE TENERIFE','C449C','SANTA CRUZ DE TENERIFE',28.4633,-16.2553,36),(96,'ANAGA ','C449F','STA. CRUZ DE TENERIFE',28.5081,-16.1956,19),(97,'CITFAGRO_97_TAGANANA','C449Q','STA. CRUZ DE TENERIFE',28.56,-16.2281,305),(98,'CITFAGRO_88_GAITERO','C453I','STA. CRUZ DE TENERIFE',28.3947,-16.4333,1744),(99,'CITFAGRO_70_BENIJO','C456P','STA. CRUZ DE TENERIFE',28.3614,-16.5467,906),(100,'CITFAGRO_87_AGUAMANSA','C455M','STA. CRUZ DE TENERIFE',28.3617,-16.4969,1065);
/*!40000 ALTER TABLE `estacion_inv` ENABLE KEYS */;
UNLOCK TABLES;

--
-- Table structure for table `failed_jobs`
--

DROP TABLE IF EXISTS `failed_jobs`;
/*!40101 SET @saved_cs_client     = @@character_set_client */;
/*!50503 SET character_set_client = utf8mb4 */;
CREATE TABLE `failed_jobs` (
  `id` bigint(20) unsigned NOT NULL AUTO_INCREMENT,
  `uuid` varchar(255) NOT NULL,
  `connection` text NOT NULL,
  `queue` text NOT NULL,
  `payload` longtext NOT NULL,
  `exception` longtext NOT NULL,
  `failed_at` timestamp NOT NULL DEFAULT current_timestamp(),
  PRIMARY KEY (`id`),
  UNIQUE KEY `failed_jobs_uuid_unique` (`uuid`)
) ENGINE=InnoDB DEFAULT CHARSET=utf8mb4 COLLATE=utf8mb4_unicode_ci;
/*!40101 SET character_set_client = @saved_cs_client */;

--
-- Dumping data for table `failed_jobs`
--

LOCK TABLES `failed_jobs` WRITE;
/*!40000 ALTER TABLE `failed_jobs` DISABLE KEYS */;
/*!40000 ALTER TABLE `failed_jobs` ENABLE KEYS */;
UNLOCK TABLES;

--
-- Temporary view structure for view `inventario_est`
--

DROP TABLE IF EXISTS `inventario_est`;
/*!50001 DROP VIEW IF EXISTS `inventario_est`*/;
SET @saved_cs_client     = @@character_set_client;
/*!50503 SET character_set_client = utf8mb4 */;
/*!50001 CREATE VIEW `inventario_est` AS SELECT 
 1 AS `idema`,
 1 AS `nombre`,
 1 AS `provincia`*/;
SET character_set_client = @saved_cs_client;

--
-- Table structure for table `job_batches`
--

DROP TABLE IF EXISTS `job_batches`;
/*!40101 SET @saved_cs_client     = @@character_set_client */;
/*!50503 SET character_set_client = utf8mb4 */;
CREATE TABLE `job_batches` (
  `id` varchar(255) NOT NULL,
  `name` varchar(255) NOT NULL,
  `total_jobs` int(11) NOT NULL,
  `pending_jobs` int(11) NOT NULL,
  `failed_jobs` int(11) NOT NULL,
  `failed_job_ids` longtext NOT NULL,
  `options` mediumtext DEFAULT NULL,
  `cancelled_at` int(11) DEFAULT NULL,
  `created_at` int(11) NOT NULL,
  `finished_at` int(11) DEFAULT NULL,
  PRIMARY KEY (`id`)
) ENGINE=InnoDB DEFAULT CHARSET=utf8mb4 COLLATE=utf8mb4_unicode_ci;
/*!40101 SET character_set_client = @saved_cs_client */;

--
-- Dumping data for table `job_batches`
--

LOCK TABLES `job_batches` WRITE;
/*!40000 ALTER TABLE `job_batches` DISABLE KEYS */;
/*!40000 ALTER TABLE `job_batches` ENABLE KEYS */;
UNLOCK TABLES;

--
-- Table structure for table `jobs`
--

DROP TABLE IF EXISTS `jobs`;
/*!40101 SET @saved_cs_client     = @@character_set_client */;
/*!50503 SET character_set_client = utf8mb4 */;
CREATE TABLE `jobs` (
  `id` bigint(20) unsigned NOT NULL AUTO_INCREMENT,
  `queue` varchar(255) NOT NULL,
  `payload` longtext NOT NULL,
  `attempts` tinyint(3) unsigned NOT NULL,
  `reserved_at` int(10) unsigned DEFAULT NULL,
  `available_at` int(10) unsigned NOT NULL,
  `created_at` int(10) unsigned NOT NULL,
  PRIMARY KEY (`id`),
  KEY `jobs_queue_index` (`queue`)
) ENGINE=InnoDB DEFAULT CHARSET=utf8mb4 COLLATE=utf8mb4_unicode_ci;
/*!40101 SET character_set_client = @saved_cs_client */;

--
-- Dumping data for table `jobs`
--

LOCK TABLES `jobs` WRITE;
/*!40000 ALTER TABLE `jobs` DISABLE KEYS */;
/*!40000 ALTER TABLE `jobs` ENABLE KEYS */;
UNLOCK TABLES;

--
-- Table structure for table `log_acceso`
--

DROP TABLE IF EXISTS `log_acceso`;
/*!40101 SET @saved_cs_client     = @@character_set_client */;
/*!50503 SET character_set_client = utf8mb4 */;
CREATE TABLE `log_acceso` (
  `id` int(11) NOT NULL,
  `id_usuario` int(11) DEFAULT NULL,
  `fecha_reg` datetime DEFAULT NULL,
  `descripcion` varchar(128) DEFAULT NULL,
  PRIMARY KEY (`id`),
  KEY `id_usuario` (`id_usuario`),
  CONSTRAINT `log_acceso_ibfk_1` FOREIGN KEY (`id_usuario`) REFERENCES `usuario` (`id`)
) ENGINE=InnoDB DEFAULT CHARSET=utf8mb4 COLLATE=utf8mb4_general_ci;
/*!40101 SET character_set_client = @saved_cs_client */;

--
-- Dumping data for table `log_acceso`
--

LOCK TABLES `log_acceso` WRITE;
/*!40000 ALTER TABLE `log_acceso` DISABLE KEYS */;
/*!40000 ALTER TABLE `log_acceso` ENABLE KEYS */;
UNLOCK TABLES;

--
-- Table structure for table `migrations`
--

DROP TABLE IF EXISTS `migrations`;
/*!40101 SET @saved_cs_client     = @@character_set_client */;
/*!50503 SET character_set_client = utf8mb4 */;
CREATE TABLE `migrations` (
  `id` int(10) unsigned NOT NULL AUTO_INCREMENT,
  `migration` varchar(255) NOT NULL,
  `batch` int(11) NOT NULL,
  PRIMARY KEY (`id`)
) ENGINE=InnoDB AUTO_INCREMENT=5 DEFAULT CHARSET=utf8mb4 COLLATE=utf8mb4_unicode_ci;
/*!40101 SET character_set_client = @saved_cs_client */;

--
-- Dumping data for table `migrations`
--

LOCK TABLES `migrations` WRITE;
/*!40000 ALTER TABLE `migrations` DISABLE KEYS */;
INSERT INTO `migrations` VALUES (1,'0001_01_01_000000_create_users_table',1),(2,'0001_01_01_000001_create_cache_table',1),(3,'0001_01_01_000002_create_jobs_table',1),(4,'2025_02_04_182936_create_personal_access_tokens_table',1);
/*!40000 ALTER TABLE `migrations` ENABLE KEYS */;
UNLOCK TABLES;

--
-- Table structure for table `password_reset_tokens`
--

DROP TABLE IF EXISTS `password_reset_tokens`;
/*!40101 SET @saved_cs_client     = @@character_set_client */;
/*!50503 SET character_set_client = utf8mb4 */;
CREATE TABLE `password_reset_tokens` (
  `email` varchar(255) NOT NULL,
  `token` varchar(255) NOT NULL,
  `created_at` timestamp NULL DEFAULT NULL,
  PRIMARY KEY (`email`)
) ENGINE=InnoDB DEFAULT CHARSET=utf8mb4 COLLATE=utf8mb4_unicode_ci;
/*!40101 SET character_set_client = @saved_cs_client */;

--
-- Dumping data for table `password_reset_tokens`
--

LOCK TABLES `password_reset_tokens` WRITE;
/*!40000 ALTER TABLE `password_reset_tokens` DISABLE KEYS */;
/*!40000 ALTER TABLE `password_reset_tokens` ENABLE KEYS */;
UNLOCK TABLES;

--
-- Table structure for table `personal_access_tokens`
--

DROP TABLE IF EXISTS `personal_access_tokens`;
/*!40101 SET @saved_cs_client     = @@character_set_client */;
/*!50503 SET character_set_client = utf8mb4 */;
CREATE TABLE `personal_access_tokens` (
  `id` bigint(20) unsigned NOT NULL AUTO_INCREMENT,
  `tokenable_type` varchar(255) NOT NULL,
  `tokenable_id` bigint(20) unsigned NOT NULL,
  `name` varchar(255) NOT NULL,
  `token` varchar(64) NOT NULL,
  `abilities` text DEFAULT NULL,
  `last_used_at` timestamp NULL DEFAULT NULL,
  `expires_at` timestamp NULL DEFAULT NULL,
  `created_at` timestamp NULL DEFAULT NULL,
  `updated_at` timestamp NULL DEFAULT NULL,
  PRIMARY KEY (`id`),
  UNIQUE KEY `personal_access_tokens_token_unique` (`token`),
  KEY `personal_access_tokens_tokenable_type_tokenable_id_index` (`tokenable_type`,`tokenable_id`)
) ENGINE=InnoDB DEFAULT CHARSET=utf8mb4 COLLATE=utf8mb4_unicode_ci;
/*!40101 SET character_set_client = @saved_cs_client */;

--
-- Dumping data for table `personal_access_tokens`
--

LOCK TABLES `personal_access_tokens` WRITE;
/*!40000 ALTER TABLE `personal_access_tokens` DISABLE KEYS */;
/*!40000 ALTER TABLE `personal_access_tokens` ENABLE KEYS */;
UNLOCK TABLES;

--
-- Table structure for table `rol`
--

DROP TABLE IF EXISTS `rol`;
/*!40101 SET @saved_cs_client     = @@character_set_client */;
/*!50503 SET character_set_client = utf8mb4 */;
CREATE TABLE `rol` (
  `id` int(11) NOT NULL AUTO_INCREMENT,
  `Descripcion` varchar(64) DEFAULT NULL,
  PRIMARY KEY (`id`)
) ENGINE=InnoDB DEFAULT CHARSET=utf8mb4 COLLATE=utf8mb4_general_ci;
/*!40101 SET character_set_client = @saved_cs_client */;

--
-- Dumping data for table `rol`
--

LOCK TABLES `rol` WRITE;
/*!40000 ALTER TABLE `rol` DISABLE KEYS */;
/*!40000 ALTER TABLE `rol` ENABLE KEYS */;
UNLOCK TABLES;

--
-- Table structure for table `sessions`
--

DROP TABLE IF EXISTS `sessions`;
/*!40101 SET @saved_cs_client     = @@character_set_client */;
/*!50503 SET character_set_client = utf8mb4 */;
CREATE TABLE `sessions` (
  `id` varchar(255) NOT NULL,
  `user_id` bigint(20) unsigned DEFAULT NULL,
  `ip_address` varchar(45) DEFAULT NULL,
  `user_agent` text DEFAULT NULL,
  `payload` longtext NOT NULL,
  `last_activity` int(11) NOT NULL,
  PRIMARY KEY (`id`),
  KEY `sessions_user_id_index` (`user_id`),
  KEY `sessions_last_activity_index` (`last_activity`)
) ENGINE=InnoDB DEFAULT CHARSET=utf8mb4 COLLATE=utf8mb4_unicode_ci;
/*!40101 SET character_set_client = @saved_cs_client */;

--
-- Dumping data for table `sessions`
--

LOCK TABLES `sessions` WRITE;
/*!40000 ALTER TABLE `sessions` DISABLE KEYS */;
INSERT INTO `sessions` VALUES ('0RCNUApAZiQm78sdUJm9EzBmyFy4oD9v0shjWpuV',NULL,'127.0.0.1','Mozilla/5.0 (Windows NT 10.0; Win64; x64; rv:134.0) Gecko/20100101 Firefox/134.0','YTozOntzOjY6Il90b2tlbiI7czo0MDoiRGZDZnZrTFdURmtDT3VaU0hIMGlQekdFdm94cW1wZkUwYjZuUzYyaSI7czo5OiJfcHJldmlvdXMiO2E6MTp7czozOiJ1cmwiO3M6MjE6Imh0dHA6Ly8xMjcuMC4wLjE6ODAwMCI7fXM6NjoiX2ZsYXNoIjthOjI6e3M6Mzoib2xkIjthOjA6e31zOjM6Im5ldyI7YTowOnt9fX0=',1738840105),('CsNQiokZ9In7vYwuapkGneMFqS85BDWg7hkzqM78',NULL,'127.0.0.1','Mozilla/5.0 (Windows NT 10.0; Win64; x64; rv:135.0) Gecko/20100101 Firefox/135.0','YTozOntzOjY6Il90b2tlbiI7czo0MDoidkI1UmJOT1dkakdvUzl3UEgzZEZkWTJFajRuU3dwNWpEYTlUVnNGbSI7czo5OiJfcHJldmlvdXMiO2E6MTp7czozOiJ1cmwiO3M6MjE6Imh0dHA6Ly9sb2NhbGhvc3Q6ODAwMCI7fXM6NjoiX2ZsYXNoIjthOjI6e3M6Mzoib2xkIjthOjA6e31zOjM6Im5ldyI7YTowOnt9fX0=',1739811454),('J2j1cjM6tbvFtr38Y7i4fILduC6BBmeFjkqbw10w',NULL,'127.0.0.1','Mozilla/5.0 (Windows NT 10.0; Win64; x64; rv:135.0) Gecko/20100101 Firefox/135.0','YTozOntzOjY6Il90b2tlbiI7czo0MDoiVklGNTRFVVpxdW5qRncxVWptbnVmN1B6WlIyTEZNMElaRlpqSFM2SiI7czo5OiJfcHJldmlvdXMiO2E6MTp7czozOiJ1cmwiO3M6MjE6Imh0dHA6Ly9sb2NhbGhvc3Q6ODAwMCI7fXM6NjoiX2ZsYXNoIjthOjI6e3M6Mzoib2xkIjthOjA6e31zOjM6Im5ldyI7YTowOnt9fX0=',1739803980),('M4mFgmpN72FQfXTyxANS29mW4gxyF3trumgC7Hkq',NULL,'127.0.0.1','Mozilla/5.0 (Windows NT 10.0; Win64; x64; rv:135.0) Gecko/20100101 Firefox/135.0','YTozOntzOjY6Il90b2tlbiI7czo0MDoiZ2cwb01ReWxDcmZBdzd5dXVmUW53NDNwd0NGRW1xT202a2FBQmJOZCI7czo5OiJfcHJldmlvdXMiO2E6MTp7czozOiJ1cmwiO3M6MjE6Imh0dHA6Ly8xMjcuMC4wLjE6ODAwMCI7fXM6NjoiX2ZsYXNoIjthOjI6e3M6Mzoib2xkIjthOjA6e31zOjM6Im5ldyI7YTowOnt9fX0=',1739201546),('nJeZcbpIrnPPc0QlsLO2K4a4j0k60vVeo8ZgYCRo',NULL,'127.0.0.1','Mozilla/5.0 (Windows NT 10.0; Win64; x64; rv:135.0) Gecko/20100101 Firefox/135.0','YTozOntzOjY6Il90b2tlbiI7czo0MDoidDdDY3NZcUhNTmpPYkVSNTdERkJZZ0E1ZGRHanFGQXU5b0RWRWVMbCI7czo5OiJfcHJldmlvdXMiO2E6MTp7czozOiJ1cmwiO3M6MjE6Imh0dHA6Ly9sb2NhbGhvc3Q6ODAwMCI7fXM6NjoiX2ZsYXNoIjthOjI6e3M6Mzoib2xkIjthOjA6e31zOjM6Im5ldyI7YTowOnt9fX0=',1739875218),('vPQEmAiJBJZ4BQbs0QGBGutp2RIUcXWGUMmjcXlL',NULL,'127.0.0.1','Mozilla/5.0 (Windows NT 10.0; Win64; x64; rv:135.0) Gecko/20100101 Firefox/135.0','YTozOntzOjY6Il90b2tlbiI7czo0MDoiRjE0QkdscWhIMVF6d2N6SnVMMXkwVGxwYXlnVVdmNjkxaHBvVjZEbiI7czo5OiJfcHJldmlvdXMiO2E6MTp7czozOiJ1cmwiO3M6MjE6Imh0dHA6Ly8xMjcuMC4wLjE6ODAwMCI7fXM6NjoiX2ZsYXNoIjthOjI6e3M6Mzoib2xkIjthOjA6e31zOjM6Im5ldyI7YTowOnt9fX0=',1738920640),('XCl1GyRsqcDR7zB321alHNWY6ysEIOx8S6qbfD7g',NULL,'127.0.0.1','Mozilla/5.0 (Windows NT 10.0; Win64; x64; rv:135.0) Gecko/20100101 Firefox/135.0','YTozOntzOjY6Il90b2tlbiI7czo0MDoidTlHT3dabDE0a21uTUo3OG9NQ2xVbFJOOGJhdW12d0FWWDVvNENHdCI7czo5OiJfcHJldmlvdXMiO2E6MTp7czozOiJ1cmwiO3M6MjE6Imh0dHA6Ly8xMjcuMC4wLjE6ODAwMCI7fXM6NjoiX2ZsYXNoIjthOjI6e3M6Mzoib2xkIjthOjA6e31zOjM6Im5ldyI7YTowOnt9fX0=',1739546569);
/*!40000 ALTER TABLE `sessions` ENABLE KEYS */;
UNLOCK TABLES;

--
-- Table structure for table `stats`
--

DROP TABLE IF EXISTS `stats`;
/*!40101 SET @saved_cs_client     = @@character_set_client */;
/*!50503 SET character_set_client = utf8mb4 */;
CREATE TABLE `stats` (
  `id` int(11) NOT NULL AUTO_INCREMENT,
  `id_estacion` int(11) DEFAULT NULL,
  `idema` varchar(16) DEFAULT NULL,
  `fecha` datetime DEFAULT NULL,
  `vv` float DEFAULT NULL,
  `ta` float DEFAULT NULL,
  `hr` float DEFAULT NULL,
  `prec` float DEFAULT NULL,
  PRIMARY KEY (`id`),
  KEY `id_estacion` (`id_estacion`),
  CONSTRAINT `stats_ibfk_1` FOREIGN KEY (`id_estacion`) REFERENCES `estacion_bd` (`id`)
) ENGINE=InnoDB AUTO_INCREMENT=300 DEFAULT CHARSET=utf8mb4 COLLATE=utf8mb4_general_ci;
/*!40101 SET character_set_client = @saved_cs_client */;

--
-- Dumping data for table `stats`
--

LOCK TABLES `stats` WRITE;
/*!40000 ALTER TABLE `stats` DISABLE KEYS */;
INSERT INTO `stats` VALUES (1,1,'B013X','2025-02-03 00:00:00',0,1.2,99,0),(2,1,'B013X','2025-02-10 00:00:00',1.9,9.2,85,0),(3,2,'B051A','2025-02-10 00:00:00',1.1,9.6,84,0),(4,3,'B087X','2025-02-10 00:00:00',1,10.5,82,0),(5,4,'B103B','2025-02-10 00:00:00',0,7.9,94,0),(6,5,'B158X','2025-02-10 00:00:00',0.2,7.4,94,0),(7,6,'B228','2025-02-10 00:00:00',1.3,12.1,78,0),(8,1,'B013X','2024-12-30 01:00:00',0,0,0,0),(9,1,'B013X','2025-02-03 01:00:00',0,0.6,99,0),(10,1,'B013X','2025-02-10 01:00:00',2.1,9.3,89,0),(11,2,'B051A','2025-02-10 01:00:00',0.9,9.1,87,0),(12,3,'B087X','2025-02-10 01:00:00',1.9,10.9,83,0),(13,4,'B103B','2025-02-10 01:00:00',0,7.7,96,0),(14,5,'B158X','2025-02-10 01:00:00',0.3,7.1,96,0),(15,1,'B228','2024-12-30 01:00:00',0,0,0,0),(16,6,'B228','2025-02-10 01:00:00',1.7,12,79,0),(17,1,'B013X','2025-02-03 02:00:00',0,0,99,0),(18,1,'B013X','2025-02-10 02:00:00',1.5,9.3,82,0),(19,2,'B051A','2025-02-10 02:00:00',0.7,9,90,0),(20,3,'B087X','2025-02-10 02:00:00',1.3,11.3,84,0),(21,4,'B103B','2025-02-10 02:00:00',0,8,97,0),(22,5,'B158X','2025-02-10 02:00:00',0,7.6,96,0),(23,6,'B228','2025-02-10 02:00:00',1.5,12.2,81,0),(24,1,'B013X','2025-02-03 03:00:00',0,-0.3,99,0),(25,1,'B013X','2025-02-10 03:00:00',0.5,9.1,89,0),(26,2,'B051A','2025-02-10 03:00:00',0.7,8.8,91,0),(27,3,'B087X','2025-02-10 03:00:00',2.1,10.5,83,0),(28,4,'B103B','2025-02-10 03:00:00',0,8.7,98,0),(29,5,'B158X','2025-02-10 03:00:00',0.1,8,97,0),(30,6,'B228','2025-02-10 03:00:00',1.4,12.5,81,0),(31,1,'B013X','2025-02-03 04:00:00',0,-0.3,99,0),(32,1,'B013X','2025-02-10 04:00:00',0,7.1,92,0),(33,2,'B051A','2025-02-10 04:00:00',1.3,9.3,91,0),(34,3,'B087X','2025-02-10 04:00:00',1.7,10.2,84,0),(35,4,'B103B','2025-02-10 04:00:00',0,8.6,98,0),(36,5,'B158X','2025-02-10 04:00:00',0.3,8.4,97,0),(37,6,'B228','2025-02-10 04:00:00',0.5,12.2,83,0),(38,1,'B013X','2025-02-03 05:00:00',0,-0.5,99,0),(39,1,'B013X','2025-02-10 05:00:00',1,8.7,97,0),(40,2,'B051A','2025-02-10 05:00:00',1.1,8.9,92,0),(41,3,'B087X','2025-02-10 05:00:00',1.1,10.4,84,0),(42,4,'B103B','2025-02-10 05:00:00',0.7,8.9,98,0),(43,5,'B158X','2025-02-10 05:00:00',0.5,7.7,96,0),(44,6,'B228','2025-02-10 05:00:00',0.5,12,85,0),(45,1,'B013X','2025-02-03 06:00:00',0,-0.1,99,0),(46,1,'B013X','2025-02-10 06:00:00',0.8,4.65,92,0),(47,1,'B013X','2026-02-09 06:00:00',0,0,0,0),(48,2,'B051A','2025-02-10 06:00:00',1.45,8.4,92.5,0),(49,3,'B087X','2025-02-10 06:00:00',1.65,9.85,82,0),(50,4,'B103B','2025-02-10 06:00:00',0.8,8.5,96,0),(51,5,'B158X','2025-02-10 06:00:00',0.55,6.5,96.5,0),(52,6,'B228','2025-02-10 06:00:00',0.7,10.8,85.5,0),(53,1,'pepito','2026-02-09 06:00:00',0,0,0,0),(54,1,'B013X','2025-02-03 07:00:00',0.7,0.5,99,0),(55,1,'B013X','2025-02-10 07:00:00',0.25,3.85,96,0),(56,2,'B051A','2025-02-10 07:00:00',1.55,8.35,92.5,0),(57,3,'B087X','2025-02-10 07:00:00',1.45,9.55,83,0),(58,4,'B103B','2025-02-10 07:00:00',0.75,7.95,96.5,0),(59,5,'B158X','2025-02-10 07:00:00',0.75,6.35,97.5,0),(60,6,'B228','2025-02-10 07:00:00',0,10.25,87.5,0),(61,1,'B013X','2025-02-03 08:00:00',0.3,3.6,99,0),(62,1,'B013X','2025-02-10 08:00:00',0.25,5.95,97.5,0),(63,2,'B051A','2025-02-10 08:00:00',1.75,8.65,93,0),(64,3,'B087X','2025-02-10 08:00:00',1.65,10.5,82,0),(65,4,'B103B','2025-02-10 08:00:00',0.55,9.4,93.5,0),(66,5,'B158X','2025-02-10 08:00:00',0.55,8.95,98,0),(67,6,'B228','2025-02-10 08:00:00',0.3,11.75,83,0),(68,1,'B013X','2025-02-03 09:00:00',0.1,9.4,72,0),(69,1,'B013X','2025-02-10 09:00:00',1.6,10.15,84,0),(70,2,'B051A','2025-02-10 09:00:00',1.05,11.45,84.5,0),(71,3,'B087X','2025-02-10 09:00:00',1.2,12,78.5,0),(72,4,'B103B','2025-02-10 09:00:00',0.3,11.7,89.5,0),(73,5,'B158X','2025-02-10 09:00:00',0.55,13.75,78.5,0),(74,6,'B228','2025-02-10 09:00:00',1,14,70.5,0),(75,1,'B013X','2025-02-10 10:00:00',1.9,11.95,76,0),(76,2,'B051A','2025-02-10 10:00:00',0.35,14.85,71.5,0),(77,3,'B087X','2025-02-10 10:00:00',0.4,14.5,70,0),(78,4,'B103B','2025-02-10 10:00:00',0.8,15.25,69,0),(79,5,'B158X','2025-02-10 10:00:00',2.3,14.6,65,0),(80,6,'B228','2025-02-10 10:00:00',1.15,14.65,70,0),(81,1,'B013X','2025-02-10 11:00:00',1.8,12.4,70,0),(82,2,'B051A','2025-02-10 11:00:00',3.4,14.3,70,0),(83,3,'B087X','2025-02-10 11:00:00',1.5,14.4,65,0),(84,4,'B103B','2025-02-10 11:00:00',1.1,15.3,66,0),(85,5,'B158X','2025-02-10 11:00:00',2.6,14.9,64,0),(86,6,'B228','2025-02-10 11:00:00',1.1,15,64,0),(87,1,'B013X','2025-02-10 12:00:00',1.7,13,67,0),(88,2,'B051A','2025-02-10 12:00:00',2.4,14.5,69,0),(89,3,'B087X','2025-02-10 12:00:00',2.2,15.5,63,0),(90,4,'B103B','2025-02-10 12:00:00',1.9,15.5,62,0),(91,5,'B158X','2025-02-10 12:00:00',2.7,15.2,62,0),(92,6,'B228','2025-02-10 12:00:00',1.1,16,62,0),(93,1,'B013X','2025-02-10 13:00:00',1.3,13.5,67,0),(94,2,'B051A','2025-02-10 13:00:00',1.4,15,68,0),(95,3,'B087X','2025-02-10 13:00:00',2,15.4,64,0),(96,4,'B103B','2025-02-10 13:00:00',2.1,15.2,63,0),(97,5,'B158X','2025-02-10 13:00:00',2,15.3,62,0),(98,6,'B228','2025-02-10 13:00:00',1.6,15.3,69,0),(99,1,'B013X','2025-02-10 14:00:00',0.5,13.1,65,0),(100,2,'B051A','2025-02-10 14:00:00',2.3,14.6,69,0),(101,3,'B087X','2025-02-10 14:00:00',2.7,14.1,69,0),(102,4,'B103B','2025-02-10 14:00:00',1.5,15.5,66,0),(103,5,'B158X','2025-02-10 14:00:00',1.4,16.5,59,0),(104,6,'B228','2025-02-10 14:00:00',1.5,16.3,64,0),(105,1,'B013X','2025-02-10 15:00:00',0.6,11.3,83,0),(106,2,'B051A','2025-02-10 15:00:00',3.1,14.5,71,0),(107,3,'B087X','2025-02-10 15:00:00',2.8,14,72,0),(108,4,'B103B','2025-02-10 15:00:00',0.9,15.1,67,0),(109,5,'B158X','2025-02-10 15:00:00',2.8,15.8,62,0),(110,6,'B228','2025-02-10 15:00:00',2.2,15.5,64,0),(111,1,'B013X','2025-02-10 16:00:00',0.2,10.5,88,0),(112,2,'B051A','2025-02-10 16:00:00',3.2,14.2,72,0),(113,3,'B087X','2025-02-10 16:00:00',1.2,13.6,73,0),(114,4,'B103B','2025-02-10 16:00:00',0.6,14.5,69,0),(115,5,'B158X','2025-02-10 16:00:00',2.9,14.9,56,0),(116,6,'B228','2025-02-10 16:00:00',2.4,15,64,0),(117,1,'B013X','2025-02-10 17:00:00',0.9,10.5,82,0),(118,2,'B051A','2025-02-10 17:00:00',3,14.1,74,0),(119,3,'B087X','2025-02-10 17:00:00',0.9,13,74,0),(120,4,'B103B','2025-02-10 17:00:00',1.1,13.1,66,0),(121,5,'B158X','2025-02-10 17:00:00',1.4,13.4,67,0),(122,6,'B228','2025-02-10 17:00:00',3.1,14.3,67,0),(123,1,'B013X','2025-02-10 18:00:00',1.4,9.7,78,0),(124,2,'B051A','2025-02-10 18:00:00',1.2,13.9,76,0),(125,4,'B103B','2025-02-10 18:00:00',0,9.7,81,0),(126,6,'B228','2025-02-10 18:00:00',1.7,13.9,70,0),(127,1,'B013X','2025-02-03 21:00:00',0,1.1,99,0),(128,1,'B013X','2025-02-03 22:00:00',0,0.5,99,0),(129,1,'B013X','2025-02-10 22:00:00',2,8.4,85,0),(130,2,'B051A','2025-02-10 22:00:00',2.5,12,75,0),(131,3,'B087X','2025-02-10 22:00:00',1.8,10.2,80,0),(132,4,'B103B','2025-02-10 22:00:00',0,8.9,91,0),(133,5,'B158X','2025-02-10 22:00:00',0.7,8,91,0),(134,6,'B228','2025-02-10 22:00:00',2.2,11.7,77,0),(135,1,'B013X','2025-02-03 23:00:00',0,1.2,99,0),(136,1,'B013X','2025-02-10 23:00:00',0.7,8.4,77,0),(137,2,'B051A','2025-02-10 23:00:00',0.5,10.9,78,0),(138,3,'B087X','2025-02-10 23:00:00',2,10.1,81,0),(139,4,'B103B','2025-02-10 23:00:00',0,8.3,93,0),(140,5,'B158X','2025-02-10 23:00:00',0.3,8.1,93,0),(141,6,'B228','2025-02-10 23:00:00',1.6,12,77,0),(142,15,'B362X','2025-02-10 03:00:00',0.5,4.65,100,0),(143,15,'B362X','2025-02-10 04:00:00',0.8,4.5,100,0),(144,15,'B362X','2025-02-10 05:00:00',0.75,5.4,100,0),(145,15,'B362X','2025-02-10 06:00:00',0.7,4.9,100,0),(146,15,'B362X','2025-02-10 07:00:00',0.65,4.2,100,0),(147,15,'B362X','2025-02-10 08:00:00',0.55,9.45,100,0),(148,15,'B362X','2025-02-10 09:00:00',0.55,11.8,100,0),(149,15,'B362X','2025-02-10 10:00:00',3.1,15.15,92.5,0),(150,15,'B362X','2025-02-10 11:00:00',3.45,16.25,80.5,0),(151,15,'B362X','2025-02-10 12:00:00',3.35,17.3,72.5,0),(152,15,'B362X','2025-02-10 13:00:00',3.2,17.65,72.5,0),(153,15,'B362X','2025-02-10 14:00:00',3.4,16.85,77.5,0),(154,15,'B362X','2025-02-10 15:00:00',2.85,16.65,68.5,0),(155,15,'B362X','2025-02-10 16:00:00',2.95,15.7,71,0),(156,15,'B362X','2025-02-10 17:00:00',1.9,13.4,70,0),(157,3,'B087X','2025-02-10 18:00:00',1.2,12.2,83,0),(158,5,'B158X','2025-02-10 18:00:00',0.55,12.15,81.5,0),(159,15,'B362X','2025-02-10 18:00:00',0.9,10.6,91.5,0),(160,1,'B013X','2025-02-10 19:00:00',0.2,8.9,90.5,0),(161,2,'B051A','2025-02-10 19:00:00',1.1,12.4,86,0),(162,3,'B087X','2025-02-10 19:00:00',0.9,11.5,84,0),(163,4,'B103B','2025-02-10 19:00:00',0,10.1,90.5,0),(164,5,'B158X','2025-02-10 19:00:00',0.2,9.5,89,0),(165,6,'B228','2025-02-10 19:00:00',1.4,14.2,74.5,0),(166,15,'B362X','2025-02-10 19:00:00',0.75,8.45,95.5,0),(167,1,'B013X','2025-02-10 20:00:00',0.7,8.8,85,0),(168,2,'B051A','2025-02-10 20:00:00',1.4,12.4,83,0),(169,3,'B087X','2025-02-10 20:00:00',1.4,11.4,80,0),(170,4,'B103B','2025-02-10 20:00:00',0,9.8,86,0),(171,5,'B158X','2025-02-10 20:00:00',0.6,8.9,89,0),(172,6,'B228','2025-02-10 20:00:00',0.5,12.6,77,0),(173,15,'B362X','2025-02-10 20:00:00',0.8,4.7,98,0),(174,1,'B013X','2025-02-10 21:00:00',0.1,7.5,92,0),(175,2,'B051A','2025-02-10 21:00:00',2.2,12.4,83,0),(176,3,'B087X','2025-02-10 21:00:00',1.5,11.8,77,0),(177,4,'B103B','2025-02-10 21:00:00',0.5,10.1,86,0),(178,5,'B158X','2025-02-10 21:00:00',0.8,8.6,92,0),(179,6,'B228','2025-02-10 21:00:00',0.2,12.3,78,0),(180,15,'B362X','2025-02-10 21:00:00',0.8,4.2,100,0),(181,15,'B362X','2025-02-10 22:00:00',0.6,3.2,100,0),(182,15,'B362X','2025-02-10 23:00:00',0.5,3.6,100,0),(183,1,'B013X','2025-02-17 02:00:00',0,2.5,99,0),(184,2,'B051A','2025-02-17 02:00:00',2.3,9,89,0),(185,3,'B087X','2025-02-17 02:00:00',2.4,9.8,82,0),(186,4,'B103B','2025-02-17 02:00:00',0,9.2,98,0),(187,5,'B158X','2025-02-17 02:00:00',0.6,8,98,0),(188,6,'B228','2025-02-17 02:00:00',0,10.6,96,0),(189,15,'B362X','2025-02-17 02:00:00',0.7,7.3,100,0),(190,1,'B013X','2025-02-17 03:00:00',0,2.3,99,0),(191,2,'B051A','2025-02-17 03:00:00',2,8.5,91,0),(192,3,'B087X','2025-02-17 03:00:00',2.2,10.7,78,0),(193,4,'B103B','2025-02-17 03:00:00',0,8.4,98,0),(194,5,'B158X','2025-02-17 03:00:00',0.3,7.6,98,0),(195,6,'B228','2025-02-17 03:00:00',0,10.1,96,0),(196,15,'B362X','2025-02-17 03:00:00',1.1,5.6,100,0),(197,1,'B013X','2025-02-17 04:00:00',0,2.1,99,0),(198,2,'B051A','2025-02-17 04:00:00',3.6,9,89,0),(199,3,'B087X','2025-02-17 04:00:00',1.4,11.9,73,0),(200,4,'B103B','2025-02-17 04:00:00',0,7.7,99,0),(201,5,'B158X','2025-02-17 04:00:00',0.5,6.7,99,0),(202,6,'B228','2025-02-17 04:00:00',0,10.2,98,0),(203,15,'B362X','2025-02-17 04:00:00',1,5.3,100,0),(204,1,'B013X','2025-02-17 05:00:00',0,2.3,99,0),(205,2,'B051A','2025-02-17 05:00:00',2.2,9.2,90,0),(206,3,'B087X','2025-02-17 05:00:00',2.8,11.5,70,0),(207,4,'B103B','2025-02-17 05:00:00',0.9,9.6,99,0),(208,5,'B158X','2025-02-17 05:00:00',0.4,6.8,100,0),(209,6,'B228','2025-02-17 05:00:00',0,9.9,97,0),(210,15,'B362X','2025-02-17 05:00:00',0.2,3.3,100,0),(211,1,'B013X','2025-02-17 06:00:00',0,2.7,99,0),(212,2,'B051A','2025-02-17 06:00:00',3.5,8.8,91,0),(213,3,'B087X','2025-02-17 06:00:00',2.4,12.2,67,0),(214,4,'B103B','2025-02-17 06:00:00',0,9.8,96,0),(215,5,'B158X','2025-02-17 06:00:00',0.8,7.4,99,0.2),(216,6,'B228','2025-02-17 06:00:00',0,10.4,97,0),(217,15,'B362X','2025-02-17 06:00:00',1.1,4.5,100,0),(218,1,'B013X','2025-02-17 07:00:00',0,3.2,99,0),(219,2,'B051A','2025-02-17 07:00:00',2.6,9.5,85,0),(220,3,'B087X','2025-02-17 07:00:00',2.6,11.7,65,0),(221,4,'B103B','2025-02-17 07:00:00',0,8.9,96,0),(222,5,'B158X','2025-02-17 07:00:00',0.7,7.5,98,0),(223,6,'B228','2025-02-17 07:00:00',0,10.8,96,0),(224,15,'B362X','2025-02-17 07:00:00',1.3,5.4,100,0),(225,1,'B013X','2025-02-17 08:00:00',0,5,99,0),(226,2,'B051A','2025-02-17 08:00:00',2.3,9.9,85,0),(227,3,'B087X','2025-02-17 08:00:00',2.5,12.5,64,0),(228,4,'B103B','2025-02-17 08:00:00',0,10,97,0),(229,5,'B158X','2025-02-17 08:00:00',0.7,8,99,0),(230,6,'B228','2025-02-17 08:00:00',0,11.1,92,0),(231,15,'B362X','2025-02-17 08:00:00',0.1,9.7,100,0),(232,1,'B013X','2025-02-17 09:00:00',0,10.3,99,0),(233,2,'B051A','2025-02-17 09:00:00',1.8,12.7,78,0),(234,3,'B087X','2025-02-17 09:00:00',0.6,15.2,59,0),(235,4,'B103B','2025-02-17 09:00:00',0.6,13.7,90,0),(236,5,'B158X','2025-02-17 09:00:00',0.6,13.9,85,0),(237,6,'B228','2025-02-17 09:00:00',0,13.3,81,0),(238,15,'B362X','2025-02-17 09:00:00',0.8,12.7,100,0),(239,1,'B013X','2025-02-17 10:00:00',0.6,15.9,46,0),(240,2,'B051A','2025-02-17 10:00:00',2.4,15.1,70,0),(241,3,'B087X','2025-02-17 10:00:00',0.9,16,68,0),(242,4,'B103B','2025-02-17 10:00:00',0.7,16.8,62,0),(243,5,'B158X','2025-02-17 10:00:00',1.2,16.5,64,0),(244,6,'B228','2025-02-17 10:00:00',1.2,15.1,80,0),(245,15,'B362X','2025-02-17 10:00:00',1.8,14.4,100,0),(246,1,'B013X','2025-02-17 11:00:00',0.6,18.5,49,0),(247,2,'B051A','2025-02-17 11:00:00',2.2,16,74,0),(248,3,'B087X','2025-02-17 11:00:00',3.5,15.3,71,0),(249,4,'B103B','2025-02-17 11:00:00',0,18.5,58,0),(250,5,'B158X','2025-02-17 11:00:00',2.2,17.1,75,0),(251,6,'B228','2025-02-17 11:00:00',1.5,15.6,86,0),(252,15,'B362X','2025-02-17 11:00:00',1,17.3,76,0),(253,1,'B013X','2025-02-17 12:00:00',1.1,17.7,45,0),(254,2,'B051A','2025-02-17 12:00:00',1.9,16.1,77,0),(255,3,'B087X','2025-02-17 12:00:00',2,15.9,78,0),(256,4,'B103B','2025-02-17 12:00:00',0.8,17.6,71,0),(257,5,'B158X','2025-02-17 12:00:00',3.9,16.8,75,0),(258,6,'B228','2025-02-17 12:00:00',2.4,16.7,82,0),(259,15,'B362X','2025-02-17 12:00:00',2.3,18.6,62,0),(260,1,'B013X','2025-02-17 13:00:00',1.1,18.2,50,0),(261,2,'B051A','2025-02-17 13:00:00',4.6,15.4,82,0),(262,3,'B087X','2025-02-17 13:00:00',2.3,15.6,80,0),(263,4,'B103B','2025-02-17 13:00:00',0.8,17.3,72,0),(264,5,'B158X','2025-02-17 13:00:00',2.6,17.1,75,0),(265,6,'B228','2025-02-17 13:00:00',2.7,17,82,0),(266,15,'B362X','2025-02-17 13:00:00',3.1,18.4,68,0),(267,1,'B013X','2025-02-17 14:00:00',1.3,17.5,46,0),(268,2,'B051A','2025-02-17 14:00:00',3.2,15.5,83,0),(269,4,'B103B','2025-02-17 14:00:00',1.3,16.2,75,0),(270,6,'B228','2025-02-17 14:00:00',2.7,17.4,78,0),(271,15,'B362X','2025-02-17 14:00:00',2.8,17.5,78,0),(272,1,'B013X','2025-02-17 00:00:00',0,5.9,91,0),(273,2,'B051A','2025-02-17 00:00:00',1.1,9.8,94,0),(274,3,'B087X','2025-02-17 00:00:00',2.3,11,90,0),(275,4,'B103B','2025-02-17 00:00:00',0.8,12.3,94,0),(276,5,'B158X','2025-02-17 00:00:00',0.2,9.6,97,0),(277,6,'B228','2025-02-17 00:00:00',0,12.6,93,0),(278,15,'B362X','2025-02-17 00:00:00',0.2,8.5,100,0),(279,1,'B013X','2025-02-17 01:00:00',0.3,4.8,95,0),(280,2,'B051A','2025-02-17 01:00:00',1.9,10,94,0),(281,3,'B087X','2025-02-17 01:00:00',2.8,10.5,88,0),(282,4,'B103B','2025-02-17 01:00:00',0.7,12.7,88,0),(283,5,'B158X','2025-02-17 01:00:00',0.8,10.3,96,0),(284,6,'B228','2025-02-17 01:00:00',0,12.8,93,0),(285,15,'B362X','2025-02-17 01:00:00',0,9,100,0),(286,1,'B013X','2025-02-17 22:00:00',0.7,9.5,77,0),(287,2,'B051A','2025-02-17 22:00:00',1,10.7,94,0),(288,3,'B087X','2025-02-17 22:00:00',2.3,11.1,88,0),(289,4,'B103B','2025-02-17 22:00:00',1.7,13,89,0),(290,5,'B158X','2025-02-17 22:00:00',0.9,11,94,0),(291,6,'B228','2025-02-17 22:00:00',0,13.3,91,0),(292,15,'B362X','2025-02-17 22:00:00',0.8,8.2,100,0),(293,1,'B013X','2025-02-17 23:00:00',0,7.6,84,0),(294,2,'B051A','2025-02-17 23:00:00',1.5,10.5,94,0),(295,3,'B087X','2025-02-17 23:00:00',2.9,10.8,89,0),(296,4,'B103B','2025-02-17 23:00:00',1,11.9,90,0),(297,5,'B158X','2025-02-17 23:00:00',0.3,9,96,0),(298,6,'B228','2025-02-17 23:00:00',0,12.6,92,0),(299,15,'B362X','2025-02-17 23:00:00',0.5,9.1,100,0);
/*!40000 ALTER TABLE `stats` ENABLE KEYS */;
UNLOCK TABLES;

--
-- Table structure for table `users`
--

DROP TABLE IF EXISTS `users`;
/*!40101 SET @saved_cs_client     = @@character_set_client */;
/*!50503 SET character_set_client = utf8mb4 */;
CREATE TABLE `users` (
  `id` bigint(20) unsigned NOT NULL AUTO_INCREMENT,
  `name` varchar(255) NOT NULL,
  `email` varchar(255) NOT NULL,
  `email_verified_at` timestamp NULL DEFAULT NULL,
  `password` varchar(255) NOT NULL,
  `remember_token` varchar(100) DEFAULT NULL,
  `created_at` timestamp NULL DEFAULT NULL,
  `updated_at` timestamp NULL DEFAULT NULL,
  PRIMARY KEY (`id`),
  UNIQUE KEY `users_email_unique` (`email`)
) ENGINE=InnoDB DEFAULT CHARSET=utf8mb4 COLLATE=utf8mb4_unicode_ci;
/*!40101 SET character_set_client = @saved_cs_client */;

--
-- Dumping data for table `users`
--

LOCK TABLES `users` WRITE;
/*!40000 ALTER TABLE `users` DISABLE KEYS */;
/*!40000 ALTER TABLE `users` ENABLE KEYS */;
UNLOCK TABLES;

--
-- Table structure for table `usuario`
--

DROP TABLE IF EXISTS `usuario`;
/*!40101 SET @saved_cs_client     = @@character_set_client */;
/*!50503 SET character_set_client = utf8mb4 */;
CREATE TABLE `usuario` (
  `id` int(11) NOT NULL AUTO_INCREMENT,
  `nombre` varchar(32) DEFAULT NULL,
  `passwd` varchar(32) DEFAULT NULL,
  `email` varchar(48) DEFAULT NULL,
  PRIMARY KEY (`id`)
) ENGINE=InnoDB DEFAULT CHARSET=utf8mb4 COLLATE=utf8mb4_general_ci;
/*!40101 SET character_set_client = @saved_cs_client */;

--
-- Dumping data for table `usuario`
--

LOCK TABLES `usuario` WRITE;
/*!40000 ALTER TABLE `usuario` DISABLE KEYS */;
/*!40000 ALTER TABLE `usuario` ENABLE KEYS */;
UNLOCK TABLES;

--
-- Table structure for table `usuario_rol`
--

DROP TABLE IF EXISTS `usuario_rol`;
/*!40101 SET @saved_cs_client     = @@character_set_client */;
/*!50503 SET character_set_client = utf8mb4 */;
CREATE TABLE `usuario_rol` (
  `id` int(11) NOT NULL,
  `id_usuario` int(11) DEFAULT NULL,
  `id_rol` int(11) DEFAULT NULL,
  `fecha_creacion` timestamp NOT NULL DEFAULT current_timestamp() ON UPDATE current_timestamp(),
  PRIMARY KEY (`id`),
  KEY `id_usuario` (`id_usuario`),
  KEY `id_rol` (`id_rol`),
  CONSTRAINT `usuario_rol_ibfk_1` FOREIGN KEY (`id_usuario`) REFERENCES `usuario` (`id`),
  CONSTRAINT `usuario_rol_ibfk_2` FOREIGN KEY (`id_rol`) REFERENCES `rol` (`id`)
) ENGINE=InnoDB DEFAULT CHARSET=utf8mb4 COLLATE=utf8mb4_general_ci;
/*!40101 SET character_set_client = @saved_cs_client */;

--
-- Dumping data for table `usuario_rol`
--

LOCK TABLES `usuario_rol` WRITE;
/*!40000 ALTER TABLE `usuario_rol` DISABLE KEYS */;
/*!40000 ALTER TABLE `usuario_rol` ENABLE KEYS */;
UNLOCK TABLES;

--
-- Final view structure for view `inventario_est`
--

/*!50001 DROP VIEW IF EXISTS `inventario_est`*/;
/*!50001 SET @saved_cs_client          = @@character_set_client */;
/*!50001 SET @saved_cs_results         = @@character_set_results */;
/*!50001 SET @saved_col_connection     = @@collation_connection */;
/*!50001 SET character_set_client      = utf8mb4 */;
/*!50001 SET character_set_results     = utf8mb4 */;
/*!50001 SET collation_connection      = utf8mb4_general_ci */;
/*!50001 CREATE ALGORITHM=UNDEFINED */
/*!50013 DEFINER=`root`@`localhost` SQL SECURITY DEFINER */
/*!50001 VIEW `inventario_est` AS select `estacion_inv`.`idema` AS `idema`,`estacion_inv`.`nombre` AS `nombre`,`estacion_inv`.`provincia` AS `provincia` from `estacion_inv` */;
/*!50001 SET character_set_client      = @saved_cs_client */;
/*!50001 SET character_set_results     = @saved_cs_results */;
/*!50001 SET collation_connection      = @saved_col_connection */;
/*!40103 SET TIME_ZONE=@OLD_TIME_ZONE */;

/*!40101 SET SQL_MODE=@OLD_SQL_MODE */;
/*!40014 SET FOREIGN_KEY_CHECKS=@OLD_FOREIGN_KEY_CHECKS */;
/*!40014 SET UNIQUE_CHECKS=@OLD_UNIQUE_CHECKS */;
/*!40101 SET CHARACTER_SET_CLIENT=@OLD_CHARACTER_SET_CLIENT */;
/*!40101 SET CHARACTER_SET_RESULTS=@OLD_CHARACTER_SET_RESULTS */;
/*!40101 SET COLLATION_CONNECTION=@OLD_COLLATION_CONNECTION */;
/*!40111 SET SQL_NOTES=@OLD_SQL_NOTES */;

-- Dump completed on 2025-02-18 17:30:14
